api_key,pin,name,value,date
TEY8OO5iafAV96gRKcZohbO6ED,V8,sensor_temp,26.8,2024-05-30 17:40:37
TEY8OO5iafAV96gRKcZohbO6ED,V8,sensor_temp,25.8,2024-05-30 17:35:37
TEY8OO5iafAV96gRKcZohbO6ED,V8,sensor_temp,26.3,2024-05-30 17:30:37
TEY8OO5iafAV96gRKcZohbO6ED,V8,sensor_temp,25.7,2024-05-30 17:25:37
TEY8OO5iafAV96gRKcZohbO6ED,V8,sensor_temp,25.0,2024-05-30 17:20:37
TEY8OO5iafAV96gRKcZohbO6ED,V8,sensor_temp,25.9,2024-05-30 17:15:37
TEY8OO5iafAV96gRKcZohbO6ED,V8,sensor_temp,26.7,2024-05-30 17:10:37
TEY8OO5iafAV96gRKcZohbO6ED,V8,sensor_temp,26.2,2024-05-30 17:05:37
TEY8OO5iafAV96gRKcZohbO6ED,V8,sensor_temp,25.6,2024-05-30 17:00:37
TEY8OO5iafAV96gRKcZohbO6ED,V8,sensor_temp,25.8,2024-05-30 16:55:37
TEY8OO5iafAV96gRKcZohbO6ED,V8,sensor_temp,25.3,2024-05-30 16:50:37
TEY8OO5iafAV96gRKcZohbO6ED,V8,sensor_temp,26.0,2024-05-30 16:45:37
TEY8OO5iafAV96gRKcZohbO6ED,V8,sensor_temp,25.6,2024-05-30 16:40:37
TEY8OO5iafAV96gRKcZohbO6ED,V8,sensor_temp,25.4,2024-05-30 16:35:37
TEY8OO5iafAV96gRKcZohbO6ED,V8,sensor_temp,25.1,2024-05-30 16:30:37
TEY8OO5iafAV96gRKcZohbO6ED,V8,sensor_temp,26.6,2024-05-30 16:25:37
TEY8OO5iafAV96gRKcZohbO6ED,V8,sensor_temp,25.0,2024-05-30 16:20:37
TEY8OO5iafAV96gRKcZohbO6ED,V8,sensor_temp,26.5,2024-05-30 16:15:37
TEY8OO5iafAV96gRKcZohbO6ED,V8,sensor_temp,26.1,2024-05-30 16:10:37
TEY8OO5iafAV96gRKcZohbO6ED,V8,sensor_temp,26.2,2024-05-30 16:05:37
TEY8OO5iafAV96gRKcZohbO6ED,V8,sensor_temp,26.7,2024-05-30 16:00:37
TEY8OO5iafAV96gRKcZohbO6ED,V8,sensor_temp,25.8,2024-05-30 15:55:37
TEY8OO5iafAV96gRKcZohbO6ED,V8,sensor_temp,25.3,2024-05-30 15:50:37
TEY8OO5iafAV96gRKcZohbO6ED,V8,sensor_temp,25.1,2024-05-30 15:45:37
TEY8OO5iafAV96gRKcZohbO6ED,V8,sensor_temp,27.0,2024-05-30 15:40:37
TEY8OO5iafAV96gRKcZohbO6ED,V8,sensor_temp,26.9,2024-05-30 15:35:37
TEY8OO5iafAV96gRKcZohbO6ED,V8,sensor_temp,26.3,2024-05-30 15:30:37
TEY8OO5iafAV96gRKcZohbO6ED,V8,sensor_temp,25.3,2024-05-30 15:25:37
TEY8OO5iafAV96gRKcZohbO6ED,V8,sensor_temp,25.6,2024-05-30 15:20:37
TEY8OO5iafAV96gRKcZohbO6ED,V8,sensor_temp,26.2,2024-05-30 15:15:37
TEY8OO5iafAV96gRKcZohbO6ED,V8,sensor_temp,26.4,2024-05-30 15:10:37
TEY8OO5iafAV96gRKcZohbO6ED,V8,sensor_temp,26.7,2024-05-30 15:05:37
TEY8OO5iafAV96gRKcZohbO6ED,V8,sensor_temp,26.1,2024-05-30 15:00:37
TEY8OO5iafAV96gRKcZohbO6ED,V8,sensor_temp,25.0,2024-05-30 14:55:37
TEY8OO5iafAV96gRKcZohbO6ED,V8,sensor_temp,26.6,2024-05-30 14:50:37
TEY8OO5iafAV96gRKcZohbO6ED,V8,sensor_temp,25.6,2024-05-30 14:45:37
TEY8OO5iafAV96gRKcZohbO6ED,V8,sensor_temp,25.5,2024-05-30 14:40:37
TEY8OO5iafAV96gRKcZohbO6ED,V8,sensor_temp,26.0,2024-05-30 14:35:37
TEY8OO5iafAV96gRKcZohbO6ED,V8,sensor_temp,25.7,2024-05-30 14:30:37
TEY8OO5iafAV96gRKcZohbO6ED,V8,sensor_temp,26.0,2024-05-30 14:25:37
TEY8OO5iafAV96gRKcZohbO6ED,V8,sensor_temp,25.5,2024-05-30 14:20:37
TEY8OO5iafAV96gRKcZohbO6ED,V8,sensor_temp,26.9,2024-05-30 14:15:37
TEY8OO5iafAV96gRKcZohbO6ED,V8,sensor_temp,25.2,2024-05-30 14:10:37
TEY8OO5iafAV96gRKcZohbO6ED,V8,sensor_temp,25.7,2024-05-30 14:05:37
TEY8OO5iafAV96gRKcZohbO6ED,V8,sensor_temp,26.3,2024-05-30 14:00:37
TEY8OO5iafAV96gRKcZohbO6ED,V8,sensor_temp,25.5,2024-05-30 13:55:37
TEY8OO5iafAV96gRKcZohbO6ED,V8,sensor_temp,25.2,2024-05-30 13:50:37
TEY8OO5iafAV96gRKcZohbO6ED,V8,sensor_temp,25.2,2024-05-30 13:45:37
TEY8OO5iafAV96gRKcZohbO6ED,V8,sensor_temp,26.2,2024-05-30 13:40:37
TEY8OO5iafAV96gRKcZohbO6ED,V8,sensor_temp,26.7,2024-05-30 13:35:37
TEY8OO5iafAV96gRKcZohbO6ED,V8,sensor_temp,26.5,2024-05-30 13:30:37
TEY8OO5iafAV96gRKcZohbO6ED,V8,sensor_temp,25.3,2024-05-30 13:25:37
TEY8OO5iafAV96gRKcZohbO6ED,V8,sensor_temp,25.9,2024-05-30 13:20:37
TEY8OO5iafAV96gRKcZohbO6ED,V8,sensor_temp,26.0,2024-05-30 13:15:37
TEY8OO5iafAV96gRKcZohbO6ED,V8,sensor_temp,25.2,2024-05-30 13:10:37
TEY8OO5iafAV96gRKcZohbO6ED,V8,sensor_temp,26.5,2024-05-30 13:05:37
TEY8OO5iafAV96gRKcZohbO6ED,V8,sensor_temp,25.6,2024-05-30 13:00:37
TEY8OO5iafAV96gRKcZohbO6ED,V8,sensor_temp,25.9,2024-05-30 12:55:37
TEY8OO5iafAV96gRKcZohbO6ED,V8,sensor_temp,26.5,2024-05-30 12:50:37
TEY8OO5iafAV96gRKcZohbO6ED,V8,sensor_temp,26.7,2024-05-30 12:45:37
TEY8OO5iafAV96gRKcZohbO6ED,V8,sensor_temp,25.9,2024-05-30 12:40:37
TEY8OO5iafAV96gRKcZohbO6ED,V8,sensor_temp,25.3,2024-05-30 12:35:37
TEY8OO5iafAV96gRKcZohbO6ED,V8,sensor_temp,25.4,2024-05-30 12:30:37
TEY8OO5iafAV96gRKcZohbO6ED,V8,sensor_temp,26.7,2024-05-30 12:25:37
TEY8OO5iafAV96gRKcZohbO6ED,V8,sensor_temp,26.7,2024-05-30 12:20:37
TEY8OO5iafAV96gRKcZohbO6ED,V8,sensor_temp,25.5,2024-05-30 12:15:37
TEY8OO5iafAV96gRKcZohbO6ED,V8,sensor_temp,25.2,2024-05-30 12:10:37
TEY8OO5iafAV96gRKcZohbO6ED,V8,sensor_temp,26.3,2024-05-30 12:05:37
TEY8OO5iafAV96gRKcZohbO6ED,V8,sensor_temp,26.0,2024-05-30 12:00:37
TEY8OO5iafAV96gRKcZohbO6ED,V8,sensor_temp,25.3,2024-05-30 11:55:37
TEY8OO5iafAV96gRKcZohbO6ED,V8,sensor_temp,26.4,2024-05-30 11:50:37
TEY8OO5iafAV96gRKcZohbO6ED,V8,sensor_temp,25.9,2024-05-30 11:45:37
TEY8OO5iafAV96gRKcZohbO6ED,V8,sensor_temp,25.9,2024-05-30 11:40:37
TEY8OO5iafAV96gRKcZohbO6ED,V8,sensor_temp,26.7,2024-05-30 11:35:37
TEY8OO5iafAV96gRKcZohbO6ED,V8,sensor_temp,26.2,2024-05-30 11:30:37
TEY8OO5iafAV96gRKcZohbO6ED,V8,sensor_temp,26.5,2024-05-30 11:25:37
TEY8OO5iafAV96gRKcZohbO6ED,V8,sensor_temp,25.7,2024-05-30 11:20:37
TEY8OO5iafAV96gRKcZohbO6ED,V8,sensor_temp,25.9,2024-05-30 11:15:37
TEY8OO5iafAV96gRKcZohbO6ED,V8,sensor_temp,25.5,2024-05-30 11:10:37
TEY8OO5iafAV96gRKcZohbO6ED,V8,sensor_temp,26.6,2024-05-30 11:05:37
TEY8OO5iafAV96gRKcZohbO6ED,V8,sensor_temp,26.0,2024-05-30 11:00:37
TEY8OO5iafAV96gRKcZohbO6ED,V8,sensor_temp,26.8,2024-05-30 10:55:37
TEY8OO5iafAV96gRKcZohbO6ED,V8,sensor_temp,26.1,2024-05-30 10:50:37
TEY8OO5iafAV96gRKcZohbO6ED,V8,sensor_temp,26.2,2024-05-30 10:45:37
TEY8OO5iafAV96gRKcZohbO6ED,V8,sensor_temp,26.3,2024-05-30 10:40:37
TEY8OO5iafAV96gRKcZohbO6ED,V8,sensor_temp,25.5,2024-05-30 10:35:37
TEY8OO5iafAV96gRKcZohbO6ED,V8,sensor_temp,27.0,2024-05-30 10:30:37
TEY8OO5iafAV96gRKcZohbO6ED,V8,sensor_temp,25.8,2024-05-30 10:25:37
TEY8OO5iafAV96gRKcZohbO6ED,V8,sensor_temp,25.3,2024-05-30 10:20:37
TEY8OO5iafAV96gRKcZohbO6ED,V8,sensor_temp,26.8,2024-05-30 10:15:37
TEY8OO5iafAV96gRKcZohbO6ED,V8,sensor_temp,26.3,2024-05-30 10:10:37
TEY8OO5iafAV96gRKcZohbO6ED,V8,sensor_temp,26.0,2024-05-30 10:05:37
TEY8OO5iafAV96gRKcZohbO6ED,V8,sensor_temp,25.5,2024-05-30 10:00:37
TEY8OO5iafAV96gRKcZohbO6ED,V8,sensor_temp,26.6,2024-05-30 09:55:37
TEY8OO5iafAV96gRKcZohbO6ED,V8,sensor_temp,26.7,2024-05-30 09:50:37
TEY8OO5iafAV96gRKcZohbO6ED,V8,sensor_temp,25.8,2024-05-30 09:45:37
TEY8OO5iafAV96gRKcZohbO6ED,V8,sensor_temp,25.2,2024-05-30 09:40:37
TEY8OO5iafAV96gRKcZohbO6ED,V8,sensor_temp,26.0,2024-05-30 09:35:37
TEY8OO5iafAV96gRKcZohbO6ED,V8,sensor_temp,25.8,2024-05-30 09:30:37
TEY8OO5iafAV96gRKcZohbO6ED,V8,sensor_temp,26.3,2024-05-30 09:25:37
TEY8OO5iafAV96gRKcZohbO6ED,V8,sensor_temp,25.9,2024-05-30 09:20:37
TEY8OO5iafAV96gRKcZohbO6ED,V8,sensor_temp,26.0,2024-05-30 09:15:37
TEY8OO5iafAV96gRKcZohbO6ED,V8,sensor_temp,25.8,2024-05-30 09:10:37
TEY8OO5iafAV96gRKcZohbO6ED,V8,sensor_temp,26.8,2024-05-30 09:05:37
TEY8OO5iafAV96gRKcZohbO6ED,V8,sensor_temp,25.4,2024-05-30 09:00:37
TEY8OO5iafAV96gRKcZohbO6ED,V8,sensor_temp,25.7,2024-05-30 08:55:37
TEY8OO5iafAV96gRKcZohbO6ED,V8,sensor_temp,26.1,2024-05-30 08:50:37
TEY8OO5iafAV96gRKcZohbO6ED,V8,sensor_temp,26.3,2024-05-30 08:45:37
TEY8OO5iafAV96gRKcZohbO6ED,V8,sensor_temp,25.3,2024-05-30 08:40:37
TEY8OO5iafAV96gRKcZohbO6ED,V8,sensor_temp,25.1,2024-05-30 08:35:37
TEY8OO5iafAV96gRKcZohbO6ED,V8,sensor_temp,25.3,2024-05-30 08:30:37
TEY8OO5iafAV96gRKcZohbO6ED,V8,sensor_temp,27.0,2024-05-30 08:25:37
TEY8OO5iafAV96gRKcZohbO6ED,V8,sensor_temp,26.3,2024-05-30 08:20:37
TEY8OO5iafAV96gRKcZohbO6ED,V8,sensor_temp,26.6,2024-05-30 08:15:37
TEY8OO5iafAV96gRKcZohbO6ED,V8,sensor_temp,25.2,2024-05-30 08:10:37
TEY8OO5iafAV96gRKcZohbO6ED,V8,sensor_temp,25.9,2024-05-30 08:05:37
TEY8OO5iafAV96gRKcZohbO6ED,V8,sensor_temp,25.8,2024-05-30 08:00:37
TEY8OO5iafAV96gRKcZohbO6ED,V8,sensor_temp,26.3,2024-05-30 07:55:37
TEY8OO5iafAV96gRKcZohbO6ED,V8,sensor_temp,25.2,2024-05-30 07:50:37
TEY8OO5iafAV96gRKcZohbO6ED,V8,sensor_temp,27.0,2024-05-30 07:45:37
TEY8OO5iafAV96gRKcZohbO6ED,V8,sensor_temp,26.6,2024-05-30 07:40:37
TEY8OO5iafAV96gRKcZohbO6ED,V8,sensor_temp,25.6,2024-05-30 07:35:37
TEY8OO5iafAV96gRKcZohbO6ED,V8,sensor_temp,27.0,2024-05-30 07:30:37
TEY8OO5iafAV96gRKcZohbO6ED,V8,sensor_temp,25.8,2024-05-30 07:25:37
TEY8OO5iafAV96gRKcZohbO6ED,V8,sensor_temp,26.9,2024-05-30 07:20:37
TEY8OO5iafAV96gRKcZohbO6ED,V8,sensor_temp,26.5,2024-05-30 07:15:37
TEY8OO5iafAV96gRKcZohbO6ED,V8,sensor_temp,26.3,2024-05-30 07:10:37
TEY8OO5iafAV96gRKcZohbO6ED,V8,sensor_temp,25.6,2024-05-30 07:05:37
TEY8OO5iafAV96gRKcZohbO6ED,V8,sensor_temp,25.4,2024-05-30 07:00:37
TEY8OO5iafAV96gRKcZohbO6ED,V8,sensor_temp,26.7,2024-05-30 06:55:37
TEY8OO5iafAV96gRKcZohbO6ED,V8,sensor_temp,27.0,2024-05-30 06:50:37
TEY8OO5iafAV96gRKcZohbO6ED,V8,sensor_temp,25.8,2024-05-30 06:45:37
TEY8OO5iafAV96gRKcZohbO6ED,V8,sensor_temp,25.9,2024-05-30 06:40:37
TEY8OO5iafAV96gRKcZohbO6ED,V8,sensor_temp,26.8,2024-05-30 06:35:37
TEY8OO5iafAV96gRKcZohbO6ED,V8,sensor_temp,25.7,2024-05-30 06:30:37
TEY8OO5iafAV96gRKcZohbO6ED,V8,sensor_temp,25.5,2024-05-30 06:25:37
TEY8OO5iafAV96gRKcZohbO6ED,V8,sensor_temp,25.4,2024-05-30 06:20:37
TEY8OO5iafAV96gRKcZohbO6ED,V8,sensor_temp,26.0,2024-05-30 06:15:37
TEY8OO5iafAV96gRKcZohbO6ED,V8,sensor_temp,25.0,2024-05-30 06:10:37
TEY8OO5iafAV96gRKcZohbO6ED,V8,sensor_temp,26.1,2024-05-30 06:05:37
TEY8OO5iafAV96gRKcZohbO6ED,V8,sensor_temp,26.4,2024-05-30 06:00:37
TEY8OO5iafAV96gRKcZohbO6ED,V8,sensor_temp,26.3,2024-05-30 05:55:37
TEY8OO5iafAV96gRKcZohbO6ED,V8,sensor_temp,26.1,2024-05-30 05:50:37
TEY8OO5iafAV96gRKcZohbO6ED,V8,sensor_temp,26.7,2024-05-30 05:45:37
TEY8OO5iafAV96gRKcZohbO6ED,V8,sensor_temp,25.2,2024-05-30 05:40:37
TEY8OO5iafAV96gRKcZohbO6ED,V8,sensor_temp,25.7,2024-05-30 05:35:37
TEY8OO5iafAV96gRKcZohbO6ED,V8,sensor_temp,25.2,2024-05-30 05:30:37
TEY8OO5iafAV96gRKcZohbO6ED,V8,sensor_temp,26.9,2024-05-30 05:25:37
TEY8OO5iafAV96gRKcZohbO6ED,V8,sensor_temp,25.6,2024-05-30 05:20:37
TEY8OO5iafAV96gRKcZohbO6ED,V8,sensor_temp,25.6,2024-05-30 05:15:37
TEY8OO5iafAV96gRKcZohbO6ED,V8,sensor_temp,25.6,2024-05-30 05:10:37
TEY8OO5iafAV96gRKcZohbO6ED,V8,sensor_temp,25.1,2024-05-30 05:05:37
TEY8OO5iafAV96gRKcZohbO6ED,V8,sensor_temp,26.6,2024-05-30 05:00:37
TEY8OO5iafAV96gRKcZohbO6ED,V8,sensor_temp,26.3,2024-05-30 04:55:37
TEY8OO5iafAV96gRKcZohbO6ED,V8,sensor_temp,25.9,2024-05-30 04:50:37
TEY8OO5iafAV96gRKcZohbO6ED,V8,sensor_temp,25.8,2024-05-30 04:45:37
TEY8OO5iafAV96gRKcZohbO6ED,V8,sensor_temp,26.0,2024-05-30 04:40:37
TEY8OO5iafAV96gRKcZohbO6ED,V8,sensor_temp,26.8,2024-05-30 04:35:37
TEY8OO5iafAV96gRKcZohbO6ED,V8,sensor_temp,25.9,2024-05-30 04:30:37
TEY8OO5iafAV96gRKcZohbO6ED,V8,sensor_temp,26.0,2024-05-30 04:25:37
TEY8OO5iafAV96gRKcZohbO6ED,V8,sensor_temp,25.5,2024-05-30 04:20:37
TEY8OO5iafAV96gRKcZohbO6ED,V8,sensor_temp,25.1,2024-05-30 04:15:37
TEY8OO5iafAV96gRKcZohbO6ED,V8,sensor_temp,25.5,2024-05-30 04:10:37
TEY8OO5iafAV96gRKcZohbO6ED,V8,sensor_temp,26.9,2024-05-30 04:05:37
TEY8OO5iafAV96gRKcZohbO6ED,V8,sensor_temp,25.1,2024-05-30 04:00:37
TEY8OO5iafAV96gRKcZohbO6ED,V8,sensor_temp,26.1,2024-05-30 03:55:37
TEY8OO5iafAV96gRKcZohbO6ED,V8,sensor_temp,25.3,2024-05-30 03:50:37
TEY8OO5iafAV96gRKcZohbO6ED,V8,sensor_temp,26.0,2024-05-30 03:45:37
TEY8OO5iafAV96gRKcZohbO6ED,V8,sensor_temp,26.8,2024-05-30 03:40:37
TEY8OO5iafAV96gRKcZohbO6ED,V8,sensor_temp,26.1,2024-05-30 03:35:37
TEY8OO5iafAV96gRKcZohbO6ED,V8,sensor_temp,26.8,2024-05-30 03:30:37
TEY8OO5iafAV96gRKcZohbO6ED,V8,sensor_temp,25.9,2024-05-30 03:25:37
TEY8OO5iafAV96gRKcZohbO6ED,V8,sensor_temp,26.7,2024-05-30 03:20:37
TEY8OO5iafAV96gRKcZohbO6ED,V8,sensor_temp,25.5,2024-05-30 03:15:37
TEY8OO5iafAV96gRKcZohbO6ED,V8,sensor_temp,25.3,2024-05-30 03:10:37
TEY8OO5iafAV96gRKcZohbO6ED,V8,sensor_temp,25.0,2024-05-30 03:05:37
TEY8OO5iafAV96gRKcZohbO6ED,V8,sensor_temp,26.9,2024-05-30 03:00:37
TEY8OO5iafAV96gRKcZohbO6ED,V8,sensor_temp,25.7,2024-05-30 02:55:37
TEY8OO5iafAV96gRKcZohbO6ED,V8,sensor_temp,25.7,2024-05-30 02:50:37
TEY8OO5iafAV96gRKcZohbO6ED,V8,sensor_temp,26.7,2024-05-30 02:45:37
TEY8OO5iafAV96gRKcZohbO6ED,V8,sensor_temp,25.2,2024-05-30 02:40:37
TEY8OO5iafAV96gRKcZohbO6ED,V8,sensor_temp,26.1,2024-05-30 02:35:37
TEY8OO5iafAV96gRKcZohbO6ED,V8,sensor_temp,25.1,2024-05-30 02:30:37
TEY8OO5iafAV96gRKcZohbO6ED,V8,sensor_temp,26.3,2024-05-30 02:25:37
TEY8OO5iafAV96gRKcZohbO6ED,V8,sensor_temp,26.6,2024-05-30 02:20:37
TEY8OO5iafAV96gRKcZohbO6ED,V8,sensor_temp,25.8,2024-05-30 02:15:37
TEY8OO5iafAV96gRKcZohbO6ED,V8,sensor_temp,26.1,2024-05-30 02:10:37
TEY8OO5iafAV96gRKcZohbO6ED,V8,sensor_temp,26.9,2024-05-30 02:05:37
TEY8OO5iafAV96gRKcZohbO6ED,V8,sensor_temp,26.4,2024-05-30 02:00:37
TEY8OO5iafAV96gRKcZohbO6ED,V8,sensor_temp,26.0,2024-05-30 01:55:37
TEY8OO5iafAV96gRKcZohbO6ED,V8,sensor_temp,26.0,2024-05-30 01:50:37
TEY8OO5iafAV96gRKcZohbO6ED,V8,sensor_temp,25.6,2024-05-30 01:45:37
TEY8OO5iafAV96gRKcZohbO6ED,V8,sensor_temp,26.0,2024-05-30 01:40:37
TEY8OO5iafAV96gRKcZohbO6ED,V8,sensor_temp,26.8,2024-05-30 01:35:37
TEY8OO5iafAV96gRKcZohbO6ED,V8,sensor_temp,26.7,2024-05-30 01:30:37
TEY8OO5iafAV96gRKcZohbO6ED,V8,sensor_temp,26.7,2024-05-30 01:25:37
TEY8OO5iafAV96gRKcZohbO6ED,V8,sensor_temp,25.9,2024-05-30 01:20:37
TEY8OO5iafAV96gRKcZohbO6ED,V8,sensor_temp,25.8,2024-05-30 01:15:37
TEY8OO5iafAV96gRKcZohbO6ED,V8,sensor_temp,26.1,2024-05-30 01:10:37
TEY8OO5iafAV96gRKcZohbO6ED,V8,sensor_temp,25.9,2024-05-30 01:05:37
TEY8OO5iafAV96gRKcZohbO6ED,V8,sensor_temp,26.8,2024-05-30 01:00:37
TEY8OO5iafAV96gRKcZohbO6ED,V8,sensor_temp,25.6,2024-05-30 00:55:37
TEY8OO5iafAV96gRKcZohbO6ED,V8,sensor_temp,26.7,2024-05-30 00:50:37
TEY8OO5iafAV96gRKcZohbO6ED,V8,sensor_temp,25.5,2024-05-30 00:45:37
TEY8OO5iafAV96gRKcZohbO6ED,V8,sensor_temp,25.2,2024-05-30 00:40:37
TEY8OO5iafAV96gRKcZohbO6ED,V8,sensor_temp,25.9,2024-05-30 00:35:37
TEY8OO5iafAV96gRKcZohbO6ED,V8,sensor_temp,26.0,2024-05-30 00:30:37
TEY8OO5iafAV96gRKcZohbO6ED,V8,sensor_temp,26.2,2024-05-30 00:25:37
TEY8OO5iafAV96gRKcZohbO6ED,V8,sensor_temp,26.0,2024-05-30 00:20:37
TEY8OO5iafAV96gRKcZohbO6ED,V8,sensor_temp,25.5,2024-05-30 00:15:37
TEY8OO5iafAV96gRKcZohbO6ED,V8,sensor_temp,26.3,2024-05-30 00:10:37
TEY8OO5iafAV96gRKcZohbO6ED,V8,sensor_temp,26.3,2024-05-30 00:05:37
TEY8OO5iafAV96gRKcZohbO6ED,V8,sensor_temp,26.6,2024-05-30 00:00:37
TEY8OO5iafAV96gRKcZohbO6ED,V8,sensor_temp,26.9,2024-05-29 23:55:37
TEY8OO5iafAV96gRKcZohbO6ED,V8,sensor_temp,25.7,2024-05-29 23:50:37
TEY8OO5iafAV96gRKcZohbO6ED,V8,sensor_temp,26.0,2024-05-29 23:45:37
TEY8OO5iafAV96gRKcZohbO6ED,V8,sensor_temp,26.1,2024-05-29 23:40:37
TEY8OO5iafAV96gRKcZohbO6ED,V8,sensor_temp,26.2,2024-05-29 23:35:37
TEY8OO5iafAV96gRKcZohbO6ED,V8,sensor_temp,25.7,2024-05-29 23:30:37
TEY8OO5iafAV96gRKcZohbO6ED,V8,sensor_temp,26.7,2024-05-29 23:25:37
TEY8OO5iafAV96gRKcZohbO6ED,V8,sensor_temp,25.4,2024-05-29 23:20:37
TEY8OO5iafAV96gRKcZohbO6ED,V8,sensor_temp,25.4,2024-05-29 23:15:37
TEY8OO5iafAV96gRKcZohbO6ED,V8,sensor_temp,26.3,2024-05-29 23:10:37
TEY8OO5iafAV96gRKcZohbO6ED,V8,sensor_temp,26.2,2024-05-29 23:05:37
TEY8OO5iafAV96gRKcZohbO6ED,V8,sensor_temp,25.5,2024-05-29 23:00:37
TEY8OO5iafAV96gRKcZohbO6ED,V8,sensor_temp,25.2,2024-05-29 22:55:37
TEY8OO5iafAV96gRKcZohbO6ED,V8,sensor_temp,26.1,2024-05-29 22:50:37
TEY8OO5iafAV96gRKcZohbO6ED,V8,sensor_temp,25.0,2024-05-29 22:45:37
TEY8OO5iafAV96gRKcZohbO6ED,V8,sensor_temp,25.2,2024-05-29 22:40:37
TEY8OO5iafAV96gRKcZohbO6ED,V8,sensor_temp,26.1,2024-05-29 22:35:37
TEY8OO5iafAV96gRKcZohbO6ED,V8,sensor_temp,25.2,2024-05-29 22:30:37
TEY8OO5iafAV96gRKcZohbO6ED,V8,sensor_temp,25.3,2024-05-29 22:25:37
TEY8OO5iafAV96gRKcZohbO6ED,V8,sensor_temp,25.9,2024-05-29 22:20:37
TEY8OO5iafAV96gRKcZohbO6ED,V8,sensor_temp,26.5,2024-05-29 22:15:37
TEY8OO5iafAV96gRKcZohbO6ED,V8,sensor_temp,25.9,2024-05-29 22:10:37
TEY8OO5iafAV96gRKcZohbO6ED,V8,sensor_temp,25.9,2024-05-29 22:05:37
TEY8OO5iafAV96gRKcZohbO6ED,V8,sensor_temp,26.5,2024-05-29 22:00:37
TEY8OO5iafAV96gRKcZohbO6ED,V8,sensor_temp,25.7,2024-05-29 21:55:37
TEY8OO5iafAV96gRKcZohbO6ED,V8,sensor_temp,26.7,2024-05-29 21:50:37
TEY8OO5iafAV96gRKcZohbO6ED,V8,sensor_temp,26.4,2024-05-29 21:45:37
TEY8OO5iafAV96gRKcZohbO6ED,V8,sensor_temp,25.0,2024-05-29 21:40:37
TEY8OO5iafAV96gRKcZohbO6ED,V8,sensor_temp,26.6,2024-05-29 21:35:37
TEY8OO5iafAV96gRKcZohbO6ED,V8,sensor_temp,25.4,2024-05-29 21:30:37
TEY8OO5iafAV96gRKcZohbO6ED,V8,sensor_temp,25.5,2024-05-29 21:25:37
TEY8OO5iafAV96gRKcZohbO6ED,V8,sensor_temp,26.7,2024-05-29 21:20:37
TEY8OO5iafAV96gRKcZohbO6ED,V8,sensor_temp,25.3,2024-05-29 21:15:37
TEY8OO5iafAV96gRKcZohbO6ED,V8,sensor_temp,25.4,2024-05-29 21:10:37
TEY8OO5iafAV96gRKcZohbO6ED,V8,sensor_temp,26.3,2024-05-29 21:05:37
TEY8OO5iafAV96gRKcZohbO6ED,V8,sensor_temp,26.5,2024-05-29 21:00:37
TEY8OO5iafAV96gRKcZohbO6ED,V8,sensor_temp,25.4,2024-05-29 20:55:37
TEY8OO5iafAV96gRKcZohbO6ED,V8,sensor_temp,25.7,2024-05-29 20:50:37
TEY8OO5iafAV96gRKcZohbO6ED,V8,sensor_temp,25.0,2024-05-29 20:45:37
TEY8OO5iafAV96gRKcZohbO6ED,V8,sensor_temp,26.4,2024-05-29 20:40:37
TEY8OO5iafAV96gRKcZohbO6ED,V8,sensor_temp,26.4,2024-05-29 20:35:37
TEY8OO5iafAV96gRKcZohbO6ED,V8,sensor_temp,25.4,2024-05-29 20:30:37
TEY8OO5iafAV96gRKcZohbO6ED,V8,sensor_temp,25.6,2024-05-29 20:25:37
TEY8OO5iafAV96gRKcZohbO6ED,V8,sensor_temp,25.2,2024-05-29 20:20:37
TEY8OO5iafAV96gRKcZohbO6ED,V8,sensor_temp,26.0,2024-05-29 20:15:37
TEY8OO5iafAV96gRKcZohbO6ED,V8,sensor_temp,26.4,2024-05-29 20:10:37
TEY8OO5iafAV96gRKcZohbO6ED,V8,sensor_temp,25.9,2024-05-29 20:05:37
TEY8OO5iafAV96gRKcZohbO6ED,V8,sensor_temp,25.1,2024-05-29 20:00:37
TEY8OO5iafAV96gRKcZohbO6ED,V8,sensor_temp,25.4,2024-05-29 19:55:37
TEY8OO5iafAV96gRKcZohbO6ED,V8,sensor_temp,26.9,2024-05-29 19:50:37
TEY8OO5iafAV96gRKcZohbO6ED,V8,sensor_temp,25.7,2024-05-29 19:45:37
TEY8OO5iafAV96gRKcZohbO6ED,V8,sensor_temp,25.1,2024-05-29 19:40:37
TEY8OO5iafAV96gRKcZohbO6ED,V8,sensor_temp,26.4,2024-05-29 19:35:37
TEY8OO5iafAV96gRKcZohbO6ED,V8,sensor_temp,25.2,2024-05-29 19:30:37
TEY8OO5iafAV96gRKcZohbO6ED,V8,sensor_temp,25.9,2024-05-29 19:25:37
TEY8OO5iafAV96gRKcZohbO6ED,V8,sensor_temp,25.7,2024-05-29 19:20:37
TEY8OO5iafAV96gRKcZohbO6ED,V8,sensor_temp,26.4,2024-05-29 19:15:37
TEY8OO5iafAV96gRKcZohbO6ED,V8,sensor_temp,25.1,2024-05-29 19:10:37
TEY8OO5iafAV96gRKcZohbO6ED,V8,sensor_temp,26.2,2024-05-29 19:05:37
TEY8OO5iafAV96gRKcZohbO6ED,V8,sensor_temp,26.3,2024-05-29 19:00:37
TEY8OO5iafAV96gRKcZohbO6ED,V8,sensor_temp,26.2,2024-05-29 18:55:37
TEY8OO5iafAV96gRKcZohbO6ED,V8,sensor_temp,27.0,2024-05-29 18:50:37
TEY8OO5iafAV96gRKcZohbO6ED,V8,sensor_temp,26.7,2024-05-29 18:45:37
TEY8OO5iafAV96gRKcZohbO6ED,V8,sensor_temp,26.8,2024-05-29 18:40:37
TEY8OO5iafAV96gRKcZohbO6ED,V8,sensor_temp,26.8,2024-05-29 18:35:37
TEY8OO5iafAV96gRKcZohbO6ED,V8,sensor_temp,25.4,2024-05-29 18:30:37
TEY8OO5iafAV96gRKcZohbO6ED,V8,sensor_temp,26.0,2024-05-29 18:25:37
TEY8OO5iafAV96gRKcZohbO6ED,V8,sensor_temp,26.1,2024-05-29 18:20:37
TEY8OO5iafAV96gRKcZohbO6ED,V8,sensor_temp,25.6,2024-05-29 18:15:37
TEY8OO5iafAV96gRKcZohbO6ED,V8,sensor_temp,26.1,2024-05-29 18:10:37
TEY8OO5iafAV96gRKcZohbO6ED,V8,sensor_temp,26.5,2024-05-29 18:05:37
TEY8OO5iafAV96gRKcZohbO6ED,V8,sensor_temp,26.1,2024-05-29 18:00:37
TEY8OO5iafAV96gRKcZohbO6ED,V8,sensor_temp,26.5,2024-05-29 17:55:37
TEY8OO5iafAV96gRKcZohbO6ED,V8,sensor_temp,25.6,2024-05-29 17:50:37
TEY8OO5iafAV96gRKcZohbO6ED,V8,sensor_temp,26.0,2024-05-29 17:45:37
TEY8OO5iafAV96gRKcZohbO6ED,V8,sensor_temp,26.6,2024-05-29 17:40:37
TEY8OO5iafAV96gRKcZohbO6ED,V8,sensor_temp,26.1,2024-05-29 17:35:37
TEY8OO5iafAV96gRKcZohbO6ED,V8,sensor_temp,26.5,2024-05-29 17:30:37
TEY8OO5iafAV96gRKcZohbO6ED,V8,sensor_temp,25.2,2024-05-29 17:25:37
TEY8OO5iafAV96gRKcZohbO6ED,V8,sensor_temp,26.1,2024-05-29 17:20:37
TEY8OO5iafAV96gRKcZohbO6ED,V8,sensor_temp,26.0,2024-05-29 17:15:37
TEY8OO5iafAV96gRKcZohbO6ED,V8,sensor_temp,26.9,2024-05-29 17:10:37
TEY8OO5iafAV96gRKcZohbO6ED,V8,sensor_temp,26.5,2024-05-29 17:05:37
TEY8OO5iafAV96gRKcZohbO6ED,V8,sensor_temp,27.0,2024-05-29 17:00:37
TEY8OO5iafAV96gRKcZohbO6ED,V8,sensor_temp,27.0,2024-05-29 16:55:37
TEY8OO5iafAV96gRKcZohbO6ED,V8,sensor_temp,26.8,2024-05-29 16:50:37
TEY8OO5iafAV96gRKcZohbO6ED,V8,sensor_temp,25.1,2024-05-29 16:45:37
TEY8OO5iafAV96gRKcZohbO6ED,V8,sensor_temp,25.4,2024-05-29 16:40:37
TEY8OO5iafAV96gRKcZohbO6ED,V8,sensor_temp,26.9,2024-05-29 16:35:37
TEY8OO5iafAV96gRKcZohbO6ED,V8,sensor_temp,25.3,2024-05-29 16:30:37
TEY8OO5iafAV96gRKcZohbO6ED,V8,sensor_temp,25.0,2024-05-29 16:25:37
TEY8OO5iafAV96gRKcZohbO6ED,V8,sensor_temp,25.5,2024-05-29 16:20:37
TEY8OO5iafAV96gRKcZohbO6ED,V8,sensor_temp,26.3,2024-05-29 16:15:37
TEY8OO5iafAV96gRKcZohbO6ED,V8,sensor_temp,26.2,2024-05-29 16:10:37
TEY8OO5iafAV96gRKcZohbO6ED,V8,sensor_temp,25.1,2024-05-29 16:05:37
TEY8OO5iafAV96gRKcZohbO6ED,V8,sensor_temp,25.9,2024-05-29 16:00:37
TEY8OO5iafAV96gRKcZohbO6ED,V8,sensor_temp,25.0,2024-05-29 15:55:37
TEY8OO5iafAV96gRKcZohbO6ED,V8,sensor_temp,25.5,2024-05-29 15:50:37
TEY8OO5iafAV96gRKcZohbO6ED,V8,sensor_temp,26.1,2024-05-29 15:45:37
TEY8OO5iafAV96gRKcZohbO6ED,V8,sensor_temp,26.9,2024-05-29 15:40:37
TEY8OO5iafAV96gRKcZohbO6ED,V8,sensor_temp,25.2,2024-05-29 15:35:37
TEY8OO5iafAV96gRKcZohbO6ED,V8,sensor_temp,26.5,2024-05-29 15:30:37
TEY8OO5iafAV96gRKcZohbO6ED,V8,sensor_temp,26.0,2024-05-29 15:25:37
TEY8OO5iafAV96gRKcZohbO6ED,V8,sensor_temp,25.7,2024-05-29 15:20:37
TEY8OO5iafAV96gRKcZohbO6ED,V8,sensor_temp,25.8,2024-05-29 15:15:37
TEY8OO5iafAV96gRKcZohbO6ED,V8,sensor_temp,26.5,2024-05-29 15:10:37
TEY8OO5iafAV96gRKcZohbO6ED,V8,sensor_temp,27.0,2024-05-29 15:05:37
TEY8OO5iafAV96gRKcZohbO6ED,V8,sensor_temp,25.6,2024-05-29 15:00:37
TEY8OO5iafAV96gRKcZohbO6ED,V8,sensor_temp,25.7,2024-05-29 14:55:37
TEY8OO5iafAV96gRKcZohbO6ED,V8,sensor_temp,26.1,2024-05-29 14:50:37
TEY8OO5iafAV96gRKcZohbO6ED,V8,sensor_temp,27.0,2024-05-29 14:45:37
TEY8OO5iafAV96gRKcZohbO6ED,V8,sensor_temp,25.9,2024-05-29 14:40:37
TEY8OO5iafAV96gRKcZohbO6ED,V8,sensor_temp,27.0,2024-05-29 14:35:37
TEY8OO5iafAV96gRKcZohbO6ED,V8,sensor_temp,26.8,2024-05-29 14:30:37
TEY8OO5iafAV96gRKcZohbO6ED,V8,sensor_temp,26.7,2024-05-29 14:25:37
TEY8OO5iafAV96gRKcZohbO6ED,V8,sensor_temp,26.2,2024-05-29 14:20:37
TEY8OO5iafAV96gRKcZohbO6ED,V8,sensor_temp,25.5,2024-05-29 14:15:37
TEY8OO5iafAV96gRKcZohbO6ED,V8,sensor_temp,26.3,2024-05-29 14:10:37
TEY8OO5iafAV96gRKcZohbO6ED,V8,sensor_temp,25.9,2024-05-29 14:05:37
TEY8OO5iafAV96gRKcZohbO6ED,V8,sensor_temp,25.3,2024-05-29 14:00:37
TEY8OO5iafAV96gRKcZohbO6ED,V8,sensor_temp,25.1,2024-05-29 13:55:37
TEY8OO5iafAV96gRKcZohbO6ED,V8,sensor_temp,25.7,2024-05-29 13:50:37
TEY8OO5iafAV96gRKcZohbO6ED,V8,sensor_temp,25.5,2024-05-29 13:45:37
TEY8OO5iafAV96gRKcZohbO6ED,V8,sensor_temp,25.6,2024-05-29 13:40:37
TEY8OO5iafAV96gRKcZohbO6ED,V8,sensor_temp,25.6,2024-05-29 13:35:37
TEY8OO5iafAV96gRKcZohbO6ED,V8,sensor_temp,25.3,2024-05-29 13:30:37
TEY8OO5iafAV96gRKcZohbO6ED,V8,sensor_temp,25.5,2024-05-29 13:25:37
TEY8OO5iafAV96gRKcZohbO6ED,V8,sensor_temp,26.9,2024-05-29 13:20:37
TEY8OO5iafAV96gRKcZohbO6ED,V8,sensor_temp,25.9,2024-05-29 13:15:37
TEY8OO5iafAV96gRKcZohbO6ED,V8,sensor_temp,26.2,2024-05-29 13:10:37
TEY8OO5iafAV96gRKcZohbO6ED,V8,sensor_temp,26.4,2024-05-29 13:05:37
TEY8OO5iafAV96gRKcZohbO6ED,V8,sensor_temp,26.6,2024-05-29 13:00:37
TEY8OO5iafAV96gRKcZohbO6ED,V8,sensor_temp,26.1,2024-05-29 12:55:37
TEY8OO5iafAV96gRKcZohbO6ED,V8,sensor_temp,26.0,2024-05-29 12:50:37
TEY8OO5iafAV96gRKcZohbO6ED,V8,sensor_temp,26.4,2024-05-29 12:45:37
TEY8OO5iafAV96gRKcZohbO6ED,V8,sensor_temp,26.7,2024-05-29 12:40:37
TEY8OO5iafAV96gRKcZohbO6ED,V8,sensor_temp,26.9,2024-05-29 12:35:37
TEY8OO5iafAV96gRKcZohbO6ED,V8,sensor_temp,27.0,2024-05-29 12:30:37
TEY8OO5iafAV96gRKcZohbO6ED,V8,sensor_temp,25.0,2024-05-29 12:25:37
TEY8OO5iafAV96gRKcZohbO6ED,V8,sensor_temp,26.4,2024-05-29 12:20:37
TEY8OO5iafAV96gRKcZohbO6ED,V8,sensor_temp,25.9,2024-05-29 12:15:37
TEY8OO5iafAV96gRKcZohbO6ED,V8,sensor_temp,25.3,2024-05-29 12:10:37
TEY8OO5iafAV96gRKcZohbO6ED,V8,sensor_temp,25.6,2024-05-29 12:05:37
TEY8OO5iafAV96gRKcZohbO6ED,V8,sensor_temp,25.9,2024-05-29 12:00:37
TEY8OO5iafAV96gRKcZohbO6ED,V8,sensor_temp,25.5,2024-05-29 11:55:37
TEY8OO5iafAV96gRKcZohbO6ED,V8,sensor_temp,25.7,2024-05-29 11:50:37
TEY8OO5iafAV96gRKcZohbO6ED,V8,sensor_temp,26.9,2024-05-29 11:45:37
TEY8OO5iafAV96gRKcZohbO6ED,V8,sensor_temp,25.5,2024-05-29 11:40:37
TEY8OO5iafAV96gRKcZohbO6ED,V8,sensor_temp,26.7,2024-05-29 11:35:37
TEY8OO5iafAV96gRKcZohbO6ED,V8,sensor_temp,26.0,2024-05-29 11:30:37
TEY8OO5iafAV96gRKcZohbO6ED,V8,sensor_temp,26.6,2024-05-29 11:25:37
TEY8OO5iafAV96gRKcZohbO6ED,V8,sensor_temp,26.4,2024-05-29 11:20:37
TEY8OO5iafAV96gRKcZohbO6ED,V8,sensor_temp,25.8,2024-05-29 11:15:37
TEY8OO5iafAV96gRKcZohbO6ED,V8,sensor_temp,26.8,2024-05-29 11:10:37
TEY8OO5iafAV96gRKcZohbO6ED,V8,sensor_temp,26.9,2024-05-29 11:05:37
TEY8OO5iafAV96gRKcZohbO6ED,V8,sensor_temp,26.9,2024-05-29 11:00:37
TEY8OO5iafAV96gRKcZohbO6ED,V8,sensor_temp,25.0,2024-05-29 10:55:37
TEY8OO5iafAV96gRKcZohbO6ED,V8,sensor_temp,26.0,2024-05-29 10:50:37
TEY8OO5iafAV96gRKcZohbO6ED,V8,sensor_temp,26.7,2024-05-29 10:45:37
TEY8OO5iafAV96gRKcZohbO6ED,V8,sensor_temp,25.5,2024-05-29 10:40:37
TEY8OO5iafAV96gRKcZohbO6ED,V8,sensor_temp,26.9,2024-05-29 10:35:37
TEY8OO5iafAV96gRKcZohbO6ED,V8,sensor_temp,25.9,2024-05-29 10:30:37
TEY8OO5iafAV96gRKcZohbO6ED,V8,sensor_temp,25.5,2024-05-29 10:25:37
TEY8OO5iafAV96gRKcZohbO6ED,V8,sensor_temp,26.6,2024-05-29 10:20:37
TEY8OO5iafAV96gRKcZohbO6ED,V8,sensor_temp,25.7,2024-05-29 10:15:37
TEY8OO5iafAV96gRKcZohbO6ED,V8,sensor_temp,25.6,2024-05-29 10:10:37
TEY8OO5iafAV96gRKcZohbO6ED,V8,sensor_temp,25.7,2024-05-29 10:05:37
TEY8OO5iafAV96gRKcZohbO6ED,V8,sensor_temp,25.4,2024-05-29 10:00:37
TEY8OO5iafAV96gRKcZohbO6ED,V8,sensor_temp,25.3,2024-05-29 09:55:37
TEY8OO5iafAV96gRKcZohbO6ED,V8,sensor_temp,25.7,2024-05-29 09:50:37
TEY8OO5iafAV96gRKcZohbO6ED,V8,sensor_temp,26.1,2024-05-29 09:45:37
TEY8OO5iafAV96gRKcZohbO6ED,V8,sensor_temp,25.7,2024-05-29 09:40:37
TEY8OO5iafAV96gRKcZohbO6ED,V8,sensor_temp,25.1,2024-05-29 09:35:37
TEY8OO5iafAV96gRKcZohbO6ED,V8,sensor_temp,25.7,2024-05-29 09:30:37
TEY8OO5iafAV96gRKcZohbO6ED,V8,sensor_temp,25.3,2024-05-29 09:25:37
TEY8OO5iafAV96gRKcZohbO6ED,V8,sensor_temp,26.8,2024-05-29 09:20:37
TEY8OO5iafAV96gRKcZohbO6ED,V8,sensor_temp,26.6,2024-05-29 09:15:37
TEY8OO5iafAV96gRKcZohbO6ED,V8,sensor_temp,25.3,2024-05-29 09:10:37
TEY8OO5iafAV96gRKcZohbO6ED,V8,sensor_temp,25.3,2024-05-29 09:05:37
TEY8OO5iafAV96gRKcZohbO6ED,V8,sensor_temp,25.9,2024-05-29 09:00:37
TEY8OO5iafAV96gRKcZohbO6ED,V8,sensor_temp,25.2,2024-05-29 08:55:37
TEY8OO5iafAV96gRKcZohbO6ED,V8,sensor_temp,26.0,2024-05-29 08:50:37
TEY8OO5iafAV96gRKcZohbO6ED,V8,sensor_temp,25.4,2024-05-29 08:45:37
TEY8OO5iafAV96gRKcZohbO6ED,V8,sensor_temp,25.9,2024-05-29 08:40:37
TEY8OO5iafAV96gRKcZohbO6ED,V8,sensor_temp,26.0,2024-05-29 08:35:37
TEY8OO5iafAV96gRKcZohbO6ED,V8,sensor_temp,25.6,2024-05-29 08:30:37
TEY8OO5iafAV96gRKcZohbO6ED,V8,sensor_temp,26.0,2024-05-29 08:25:37
TEY8OO5iafAV96gRKcZohbO6ED,V8,sensor_temp,26.3,2024-05-29 08:20:37
TEY8OO5iafAV96gRKcZohbO6ED,V8,sensor_temp,25.6,2024-05-29 08:15:37
TEY8OO5iafAV96gRKcZohbO6ED,V8,sensor_temp,27.0,2024-05-29 08:10:37
TEY8OO5iafAV96gRKcZohbO6ED,V8,sensor_temp,26.8,2024-05-29 08:05:37
TEY8OO5iafAV96gRKcZohbO6ED,V8,sensor_temp,25.4,2024-05-29 08:00:37
TEY8OO5iafAV96gRKcZohbO6ED,V8,sensor_temp,25.2,2024-05-29 07:55:37
TEY8OO5iafAV96gRKcZohbO6ED,V8,sensor_temp,26.6,2024-05-29 07:50:37
TEY8OO5iafAV96gRKcZohbO6ED,V8,sensor_temp,25.6,2024-05-29 07:45:37
TEY8OO5iafAV96gRKcZohbO6ED,V8,sensor_temp,25.1,2024-05-29 07:40:37
TEY8OO5iafAV96gRKcZohbO6ED,V8,sensor_temp,26.7,2024-05-29 07:35:37
TEY8OO5iafAV96gRKcZohbO6ED,V8,sensor_temp,26.8,2024-05-29 07:30:37
TEY8OO5iafAV96gRKcZohbO6ED,V8,sensor_temp,26.6,2024-05-29 07:25:37
TEY8OO5iafAV96gRKcZohbO6ED,V8,sensor_temp,25.7,2024-05-29 07:20:37
TEY8OO5iafAV96gRKcZohbO6ED,V8,sensor_temp,26.4,2024-05-29 07:15:37
TEY8OO5iafAV96gRKcZohbO6ED,V8,sensor_temp,26.5,2024-05-29 07:10:37
TEY8OO5iafAV96gRKcZohbO6ED,V8,sensor_temp,26.4,2024-05-29 07:05:37
TEY8OO5iafAV96gRKcZohbO6ED,V8,sensor_temp,25.4,2024-05-29 07:00:37
TEY8OO5iafAV96gRKcZohbO6ED,V8,sensor_temp,26.1,2024-05-29 06:55:37
TEY8OO5iafAV96gRKcZohbO6ED,V8,sensor_temp,26.5,2024-05-29 06:50:37
TEY8OO5iafAV96gRKcZohbO6ED,V8,sensor_temp,26.5,2024-05-29 06:45:37
TEY8OO5iafAV96gRKcZohbO6ED,V8,sensor_temp,26.1,2024-05-29 06:40:37
TEY8OO5iafAV96gRKcZohbO6ED,V8,sensor_temp,26.1,2024-05-29 06:35:37
TEY8OO5iafAV96gRKcZohbO6ED,V8,sensor_temp,25.8,2024-05-29 06:30:37
TEY8OO5iafAV96gRKcZohbO6ED,V8,sensor_temp,26.9,2024-05-29 06:25:37
TEY8OO5iafAV96gRKcZohbO6ED,V8,sensor_temp,26.8,2024-05-29 06:20:37
TEY8OO5iafAV96gRKcZohbO6ED,V8,sensor_temp,26.0,2024-05-29 06:15:37
TEY8OO5iafAV96gRKcZohbO6ED,V8,sensor_temp,25.2,2024-05-29 06:10:37
TEY8OO5iafAV96gRKcZohbO6ED,V8,sensor_temp,25.0,2024-05-29 06:05:37
TEY8OO5iafAV96gRKcZohbO6ED,V8,sensor_temp,26.7,2024-05-29 06:00:37
TEY8OO5iafAV96gRKcZohbO6ED,V8,sensor_temp,26.9,2024-05-29 05:55:37
TEY8OO5iafAV96gRKcZohbO6ED,V8,sensor_temp,26.1,2024-05-29 05:50:37
TEY8OO5iafAV96gRKcZohbO6ED,V8,sensor_temp,25.0,2024-05-29 05:45:37
TEY8OO5iafAV96gRKcZohbO6ED,V8,sensor_temp,26.6,2024-05-29 05:40:37
TEY8OO5iafAV96gRKcZohbO6ED,V8,sensor_temp,26.1,2024-05-29 05:35:37
TEY8OO5iafAV96gRKcZohbO6ED,V8,sensor_temp,25.4,2024-05-29 05:30:37
TEY8OO5iafAV96gRKcZohbO6ED,V8,sensor_temp,26.8,2024-05-29 05:25:37
TEY8OO5iafAV96gRKcZohbO6ED,V8,sensor_temp,27.0,2024-05-29 05:20:37
TEY8OO5iafAV96gRKcZohbO6ED,V8,sensor_temp,25.0,2024-05-29 05:15:37
TEY8OO5iafAV96gRKcZohbO6ED,V8,sensor_temp,25.3,2024-05-29 05:10:37
TEY8OO5iafAV96gRKcZohbO6ED,V8,sensor_temp,26.6,2024-05-29 05:05:37
TEY8OO5iafAV96gRKcZohbO6ED,V8,sensor_temp,25.1,2024-05-29 05:00:37
TEY8OO5iafAV96gRKcZohbO6ED,V8,sensor_temp,25.9,2024-05-29 04:55:37
TEY8OO5iafAV96gRKcZohbO6ED,V8,sensor_temp,25.6,2024-05-29 04:50:37
TEY8OO5iafAV96gRKcZohbO6ED,V8,sensor_temp,25.9,2024-05-29 04:45:37
TEY8OO5iafAV96gRKcZohbO6ED,V8,sensor_temp,26.5,2024-05-29 04:40:37
TEY8OO5iafAV96gRKcZohbO6ED,V8,sensor_temp,26.9,2024-05-29 04:35:37
TEY8OO5iafAV96gRKcZohbO6ED,V8,sensor_temp,26.8,2024-05-29 04:30:37
TEY8OO5iafAV96gRKcZohbO6ED,V8,sensor_temp,27.0,2024-05-29 04:25:37
TEY8OO5iafAV96gRKcZohbO6ED,V8,sensor_temp,26.2,2024-05-29 04:20:37
TEY8OO5iafAV96gRKcZohbO6ED,V8,sensor_temp,25.5,2024-05-29 04:15:37
TEY8OO5iafAV96gRKcZohbO6ED,V8,sensor_temp,25.8,2024-05-29 04:10:37
TEY8OO5iafAV96gRKcZohbO6ED,V8,sensor_temp,25.4,2024-05-29 04:05:37
TEY8OO5iafAV96gRKcZohbO6ED,V8,sensor_temp,26.9,2024-05-29 04:00:37
TEY8OO5iafAV96gRKcZohbO6ED,V8,sensor_temp,26.7,2024-05-29 03:55:37
TEY8OO5iafAV96gRKcZohbO6ED,V8,sensor_temp,26.1,2024-05-29 03:50:37
TEY8OO5iafAV96gRKcZohbO6ED,V8,sensor_temp,26.9,2024-05-29 03:45:37
TEY8OO5iafAV96gRKcZohbO6ED,V8,sensor_temp,26.4,2024-05-29 03:40:37
TEY8OO5iafAV96gRKcZohbO6ED,V8,sensor_temp,26.7,2024-05-29 03:35:37
TEY8OO5iafAV96gRKcZohbO6ED,V8,sensor_temp,25.7,2024-05-29 03:30:37
TEY8OO5iafAV96gRKcZohbO6ED,V8,sensor_temp,26.5,2024-05-29 03:25:37
TEY8OO5iafAV96gRKcZohbO6ED,V8,sensor_temp,26.5,2024-05-29 03:20:37
TEY8OO5iafAV96gRKcZohbO6ED,V8,sensor_temp,25.8,2024-05-29 03:15:37
TEY8OO5iafAV96gRKcZohbO6ED,V8,sensor_temp,25.4,2024-05-29 03:10:37
TEY8OO5iafAV96gRKcZohbO6ED,V8,sensor_temp,25.1,2024-05-29 03:05:37
TEY8OO5iafAV96gRKcZohbO6ED,V8,sensor_temp,25.5,2024-05-29 03:00:37
TEY8OO5iafAV96gRKcZohbO6ED,V8,sensor_temp,26.7,2024-05-29 02:55:37
TEY8OO5iafAV96gRKcZohbO6ED,V8,sensor_temp,25.8,2024-05-29 02:50:37
TEY8OO5iafAV96gRKcZohbO6ED,V8,sensor_temp,26.9,2024-05-29 02:45:37
TEY8OO5iafAV96gRKcZohbO6ED,V8,sensor_temp,26.1,2024-05-29 02:40:37
TEY8OO5iafAV96gRKcZohbO6ED,V8,sensor_temp,26.3,2024-05-29 02:35:37
TEY8OO5iafAV96gRKcZohbO6ED,V8,sensor_temp,25.2,2024-05-29 02:30:37
TEY8OO5iafAV96gRKcZohbO6ED,V8,sensor_temp,25.5,2024-05-29 02:25:37
TEY8OO5iafAV96gRKcZohbO6ED,V8,sensor_temp,26.9,2024-05-29 02:20:37
TEY8OO5iafAV96gRKcZohbO6ED,V8,sensor_temp,25.4,2024-05-29 02:15:37
TEY8OO5iafAV96gRKcZohbO6ED,V8,sensor_temp,26.9,2024-05-29 02:10:37
TEY8OO5iafAV96gRKcZohbO6ED,V8,sensor_temp,25.0,2024-05-29 02:05:37
TEY8OO5iafAV96gRKcZohbO6ED,V8,sensor_temp,25.1,2024-05-29 02:00:37
TEY8OO5iafAV96gRKcZohbO6ED,V8,sensor_temp,26.2,2024-05-29 01:55:37
TEY8OO5iafAV96gRKcZohbO6ED,V8,sensor_temp,26.0,2024-05-29 01:50:37
TEY8OO5iafAV96gRKcZohbO6ED,V8,sensor_temp,25.5,2024-05-29 01:45:37
TEY8OO5iafAV96gRKcZohbO6ED,V8,sensor_temp,25.7,2024-05-29 01:40:37
TEY8OO5iafAV96gRKcZohbO6ED,V8,sensor_temp,26.0,2024-05-29 01:35:37
TEY8OO5iafAV96gRKcZohbO6ED,V8,sensor_temp,26.0,2024-05-29 01:30:37
TEY8OO5iafAV96gRKcZohbO6ED,V8,sensor_temp,25.5,2024-05-29 01:25:37
TEY8OO5iafAV96gRKcZohbO6ED,V8,sensor_temp,26.5,2024-05-29 01:20:37
TEY8OO5iafAV96gRKcZohbO6ED,V8,sensor_temp,25.4,2024-05-29 01:15:37
TEY8OO5iafAV96gRKcZohbO6ED,V8,sensor_temp,25.6,2024-05-29 01:10:37
TEY8OO5iafAV96gRKcZohbO6ED,V8,sensor_temp,25.5,2024-05-29 01:05:37
TEY8OO5iafAV96gRKcZohbO6ED,V8,sensor_temp,25.6,2024-05-29 01:00:37
TEY8OO5iafAV96gRKcZohbO6ED,V8,sensor_temp,25.7,2024-05-29 00:55:37
TEY8OO5iafAV96gRKcZohbO6ED,V8,sensor_temp,26.3,2024-05-29 00:50:37
TEY8OO5iafAV96gRKcZohbO6ED,V8,sensor_temp,25.9,2024-05-29 00:45:37
TEY8OO5iafAV96gRKcZohbO6ED,V8,sensor_temp,25.8,2024-05-29 00:40:37
TEY8OO5iafAV96gRKcZohbO6ED,V8,sensor_temp,26.2,2024-05-29 00:35:37
TEY8OO5iafAV96gRKcZohbO6ED,V8,sensor_temp,26.8,2024-05-29 00:30:37
TEY8OO5iafAV96gRKcZohbO6ED,V8,sensor_temp,25.2,2024-05-29 00:25:37
TEY8OO5iafAV96gRKcZohbO6ED,V8,sensor_temp,26.6,2024-05-29 00:20:37
TEY8OO5iafAV96gRKcZohbO6ED,V8,sensor_temp,25.5,2024-05-29 00:15:37
TEY8OO5iafAV96gRKcZohbO6ED,V8,sensor_temp,25.1,2024-05-29 00:10:37
TEY8OO5iafAV96gRKcZohbO6ED,V8,sensor_temp,25.3,2024-05-29 00:05:37
TEY8OO5iafAV96gRKcZohbO6ED,V8,sensor_temp,26.0,2024-05-29 00:00:37
TEY8OO5iafAV96gRKcZohbO6ED,V8,sensor_temp,26.4,2024-05-28 23:55:37
TEY8OO5iafAV96gRKcZohbO6ED,V8,sensor_temp,25.8,2024-05-28 23:50:37
TEY8OO5iafAV96gRKcZohbO6ED,V8,sensor_temp,26.9,2024-05-28 23:45:37
TEY8OO5iafAV96gRKcZohbO6ED,V8,sensor_temp,25.8,2024-05-28 23:40:37
TEY8OO5iafAV96gRKcZohbO6ED,V8,sensor_temp,25.6,2024-05-28 23:35:37
TEY8OO5iafAV96gRKcZohbO6ED,V8,sensor_temp,25.4,2024-05-28 23:30:37
TEY8OO5iafAV96gRKcZohbO6ED,V8,sensor_temp,25.3,2024-05-28 23:25:37
TEY8OO5iafAV96gRKcZohbO6ED,V8,sensor_temp,25.2,2024-05-28 23:20:37
TEY8OO5iafAV96gRKcZohbO6ED,V8,sensor_temp,26.0,2024-05-28 23:15:37
TEY8OO5iafAV96gRKcZohbO6ED,V8,sensor_temp,26.4,2024-05-28 23:10:37
TEY8OO5iafAV96gRKcZohbO6ED,V8,sensor_temp,25.5,2024-05-28 23:05:37
TEY8OO5iafAV96gRKcZohbO6ED,V8,sensor_temp,26.6,2024-05-28 23:00:37
TEY8OO5iafAV96gRKcZohbO6ED,V8,sensor_temp,25.8,2024-05-28 22:55:37
TEY8OO5iafAV96gRKcZohbO6ED,V8,sensor_temp,25.3,2024-05-28 22:50:37
TEY8OO5iafAV96gRKcZohbO6ED,V8,sensor_temp,25.4,2024-05-28 22:45:37
TEY8OO5iafAV96gRKcZohbO6ED,V8,sensor_temp,25.9,2024-05-28 22:40:37
TEY8OO5iafAV96gRKcZohbO6ED,V8,sensor_temp,26.8,2024-05-28 22:35:37
TEY8OO5iafAV96gRKcZohbO6ED,V8,sensor_temp,25.7,2024-05-28 22:30:37
TEY8OO5iafAV96gRKcZohbO6ED,V8,sensor_temp,26.6,2024-05-28 22:25:37
TEY8OO5iafAV96gRKcZohbO6ED,V8,sensor_temp,25.7,2024-05-28 22:20:37
TEY8OO5iafAV96gRKcZohbO6ED,V8,sensor_temp,26.5,2024-05-28 22:15:37
TEY8OO5iafAV96gRKcZohbO6ED,V8,sensor_temp,25.8,2024-05-28 22:10:37
TEY8OO5iafAV96gRKcZohbO6ED,V8,sensor_temp,26.3,2024-05-28 22:05:37
TEY8OO5iafAV96gRKcZohbO6ED,V8,sensor_temp,26.0,2024-05-28 22:00:37
TEY8OO5iafAV96gRKcZohbO6ED,V8,sensor_temp,25.5,2024-05-28 21:55:37
TEY8OO5iafAV96gRKcZohbO6ED,V8,sensor_temp,26.1,2024-05-28 21:50:37
TEY8OO5iafAV96gRKcZohbO6ED,V8,sensor_temp,25.0,2024-05-28 21:45:37
TEY8OO5iafAV96gRKcZohbO6ED,V8,sensor_temp,26.4,2024-05-28 21:40:37
TEY8OO5iafAV96gRKcZohbO6ED,V8,sensor_temp,26.7,2024-05-28 21:35:37
TEY8OO5iafAV96gRKcZohbO6ED,V8,sensor_temp,25.4,2024-05-28 21:30:37
TEY8OO5iafAV96gRKcZohbO6ED,V8,sensor_temp,26.4,2024-05-28 21:25:37
TEY8OO5iafAV96gRKcZohbO6ED,V8,sensor_temp,26.0,2024-05-28 21:20:37
TEY8OO5iafAV96gRKcZohbO6ED,V8,sensor_temp,25.4,2024-05-28 21:15:37
TEY8OO5iafAV96gRKcZohbO6ED,V8,sensor_temp,26.7,2024-05-28 21:10:37
TEY8OO5iafAV96gRKcZohbO6ED,V8,sensor_temp,26.3,2024-05-28 21:05:37
TEY8OO5iafAV96gRKcZohbO6ED,V8,sensor_temp,25.1,2024-05-28 21:00:37
TEY8OO5iafAV96gRKcZohbO6ED,V8,sensor_temp,25.5,2024-05-28 20:55:37
TEY8OO5iafAV96gRKcZohbO6ED,V8,sensor_temp,26.7,2024-05-28 20:50:37
TEY8OO5iafAV96gRKcZohbO6ED,V8,sensor_temp,25.6,2024-05-28 20:45:37
TEY8OO5iafAV96gRKcZohbO6ED,V8,sensor_temp,25.8,2024-05-28 20:40:37
TEY8OO5iafAV96gRKcZohbO6ED,V8,sensor_temp,26.3,2024-05-28 20:35:37
TEY8OO5iafAV96gRKcZohbO6ED,V8,sensor_temp,26.5,2024-05-28 20:30:37
TEY8OO5iafAV96gRKcZohbO6ED,V8,sensor_temp,26.4,2024-05-28 20:25:37
TEY8OO5iafAV96gRKcZohbO6ED,V8,sensor_temp,26.6,2024-05-28 20:20:37
TEY8OO5iafAV96gRKcZohbO6ED,V8,sensor_temp,26.4,2024-05-28 20:15:37
TEY8OO5iafAV96gRKcZohbO6ED,V8,sensor_temp,25.2,2024-05-28 20:10:37
TEY8OO5iafAV96gRKcZohbO6ED,V8,sensor_temp,26.3,2024-05-28 20:05:37
TEY8OO5iafAV96gRKcZohbO6ED,V8,sensor_temp,26.6,2024-05-28 20:00:37
TEY8OO5iafAV96gRKcZohbO6ED,V8,sensor_temp,25.3,2024-05-28 19:55:37
TEY8OO5iafAV96gRKcZohbO6ED,V8,sensor_temp,26.0,2024-05-28 19:50:37
TEY8OO5iafAV96gRKcZohbO6ED,V8,sensor_temp,25.0,2024-05-28 19:45:37
TEY8OO5iafAV96gRKcZohbO6ED,V8,sensor_temp,27.0,2024-05-28 19:40:37
TEY8OO5iafAV96gRKcZohbO6ED,V8,sensor_temp,25.3,2024-05-28 19:35:37
TEY8OO5iafAV96gRKcZohbO6ED,V8,sensor_temp,27.0,2024-05-28 19:30:37
TEY8OO5iafAV96gRKcZohbO6ED,V8,sensor_temp,25.8,2024-05-28 19:25:37
TEY8OO5iafAV96gRKcZohbO6ED,V8,sensor_temp,25.7,2024-05-28 19:20:37
TEY8OO5iafAV96gRKcZohbO6ED,V8,sensor_temp,25.4,2024-05-28 19:15:37
TEY8OO5iafAV96gRKcZohbO6ED,V8,sensor_temp,27.0,2024-05-28 19:10:37
TEY8OO5iafAV96gRKcZohbO6ED,V8,sensor_temp,26.0,2024-05-28 19:05:37
TEY8OO5iafAV96gRKcZohbO6ED,V8,sensor_temp,26.4,2024-05-28 19:00:37
TEY8OO5iafAV96gRKcZohbO6ED,V8,sensor_temp,26.1,2024-05-28 18:55:37
TEY8OO5iafAV96gRKcZohbO6ED,V8,sensor_temp,26.9,2024-05-28 18:50:37
TEY8OO5iafAV96gRKcZohbO6ED,V8,sensor_temp,25.4,2024-05-28 18:45:37
TEY8OO5iafAV96gRKcZohbO6ED,V8,sensor_temp,26.6,2024-05-28 18:40:37
TEY8OO5iafAV96gRKcZohbO6ED,V8,sensor_temp,26.3,2024-05-28 18:35:37
TEY8OO5iafAV96gRKcZohbO6ED,V8,sensor_temp,26.9,2024-05-28 18:30:37
TEY8OO5iafAV96gRKcZohbO6ED,V8,sensor_temp,25.8,2024-05-28 18:25:37
TEY8OO5iafAV96gRKcZohbO6ED,V8,sensor_temp,27.0,2024-05-28 18:20:37
TEY8OO5iafAV96gRKcZohbO6ED,V8,sensor_temp,26.1,2024-05-28 18:15:37
TEY8OO5iafAV96gRKcZohbO6ED,V8,sensor_temp,25.7,2024-05-28 18:10:37
TEY8OO5iafAV96gRKcZohbO6ED,V8,sensor_temp,25.5,2024-05-28 18:05:37
TEY8OO5iafAV96gRKcZohbO6ED,V8,sensor_temp,25.6,2024-05-28 18:00:37
TEY8OO5iafAV96gRKcZohbO6ED,V8,sensor_temp,25.5,2024-05-28 17:55:37
TEY8OO5iafAV96gRKcZohbO6ED,V8,sensor_temp,25.1,2024-05-28 17:50:37
TEY8OO5iafAV96gRKcZohbO6ED,V8,sensor_temp,26.1,2024-05-28 17:45:37
TEY8OO5iafAV96gRKcZohbO6ED,V8,sensor_temp,25.8,2024-05-28 17:40:37
TEY8OO5iafAV96gRKcZohbO6ED,V8,sensor_temp,26.7,2024-05-28 17:35:37
TEY8OO5iafAV96gRKcZohbO6ED,V8,sensor_temp,26.7,2024-05-28 17:30:37
TEY8OO5iafAV96gRKcZohbO6ED,V8,sensor_temp,25.1,2024-05-28 17:25:37
TEY8OO5iafAV96gRKcZohbO6ED,V8,sensor_temp,26.4,2024-05-28 17:20:37
TEY8OO5iafAV96gRKcZohbO6ED,V8,sensor_temp,27.0,2024-05-28 17:15:37
TEY8OO5iafAV96gRKcZohbO6ED,V8,sensor_temp,25.0,2024-05-28 17:10:37
TEY8OO5iafAV96gRKcZohbO6ED,V8,sensor_temp,26.6,2024-05-28 17:05:37
TEY8OO5iafAV96gRKcZohbO6ED,V8,sensor_temp,25.8,2024-05-28 17:00:37
TEY8OO5iafAV96gRKcZohbO6ED,V8,sensor_temp,27.0,2024-05-28 16:55:37
TEY8OO5iafAV96gRKcZohbO6ED,V8,sensor_temp,26.1,2024-05-28 16:50:37
TEY8OO5iafAV96gRKcZohbO6ED,V8,sensor_temp,26.8,2024-05-28 16:45:37
TEY8OO5iafAV96gRKcZohbO6ED,V8,sensor_temp,25.7,2024-05-28 16:40:37
TEY8OO5iafAV96gRKcZohbO6ED,V8,sensor_temp,25.2,2024-05-28 16:35:37
TEY8OO5iafAV96gRKcZohbO6ED,V8,sensor_temp,26.8,2024-05-28 16:30:37
TEY8OO5iafAV96gRKcZohbO6ED,V8,sensor_temp,25.7,2024-05-28 16:25:37
TEY8OO5iafAV96gRKcZohbO6ED,V8,sensor_temp,25.3,2024-05-28 16:20:37
TEY8OO5iafAV96gRKcZohbO6ED,V8,sensor_temp,26.8,2024-05-28 16:15:37
TEY8OO5iafAV96gRKcZohbO6ED,V8,sensor_temp,26.4,2024-05-28 16:10:37
TEY8OO5iafAV96gRKcZohbO6ED,V8,sensor_temp,25.9,2024-05-28 16:05:37
TEY8OO5iafAV96gRKcZohbO6ED,V8,sensor_temp,26.0,2024-05-28 16:00:37
TEY8OO5iafAV96gRKcZohbO6ED,V8,sensor_temp,26.3,2024-05-28 15:55:37
TEY8OO5iafAV96gRKcZohbO6ED,V8,sensor_temp,26.0,2024-05-28 15:50:37
TEY8OO5iafAV96gRKcZohbO6ED,V8,sensor_temp,25.1,2024-05-28 15:45:37
TEY8OO5iafAV96gRKcZohbO6ED,V8,sensor_temp,25.9,2024-05-28 15:40:37
TEY8OO5iafAV96gRKcZohbO6ED,V8,sensor_temp,25.7,2024-05-28 15:35:37
TEY8OO5iafAV96gRKcZohbO6ED,V8,sensor_temp,25.4,2024-05-28 15:30:37
TEY8OO5iafAV96gRKcZohbO6ED,V8,sensor_temp,26.0,2024-05-28 15:25:37
TEY8OO5iafAV96gRKcZohbO6ED,V8,sensor_temp,26.9,2024-05-28 15:20:37
TEY8OO5iafAV96gRKcZohbO6ED,V8,sensor_temp,26.4,2024-05-28 15:15:37
TEY8OO5iafAV96gRKcZohbO6ED,V8,sensor_temp,25.1,2024-05-28 15:10:37
TEY8OO5iafAV96gRKcZohbO6ED,V8,sensor_temp,25.6,2024-05-28 15:05:37
TEY8OO5iafAV96gRKcZohbO6ED,V8,sensor_temp,26.5,2024-05-28 15:00:37
TEY8OO5iafAV96gRKcZohbO6ED,V8,sensor_temp,26.2,2024-05-28 14:55:37
TEY8OO5iafAV96gRKcZohbO6ED,V8,sensor_temp,25.8,2024-05-28 14:50:37
TEY8OO5iafAV96gRKcZohbO6ED,V8,sensor_temp,26.9,2024-05-28 14:45:37
TEY8OO5iafAV96gRKcZohbO6ED,V8,sensor_temp,25.4,2024-05-28 14:40:37
TEY8OO5iafAV96gRKcZohbO6ED,V8,sensor_temp,26.3,2024-05-28 14:35:37
TEY8OO5iafAV96gRKcZohbO6ED,V8,sensor_temp,26.1,2024-05-28 14:30:37
TEY8OO5iafAV96gRKcZohbO6ED,V8,sensor_temp,25.2,2024-05-28 14:25:37
TEY8OO5iafAV96gRKcZohbO6ED,V8,sensor_temp,26.1,2024-05-28 14:20:37
TEY8OO5iafAV96gRKcZohbO6ED,V8,sensor_temp,26.6,2024-05-28 14:15:37
TEY8OO5iafAV96gRKcZohbO6ED,V8,sensor_temp,25.1,2024-05-28 14:10:37
TEY8OO5iafAV96gRKcZohbO6ED,V8,sensor_temp,26.6,2024-05-28 14:05:37
TEY8OO5iafAV96gRKcZohbO6ED,V8,sensor_temp,25.5,2024-05-28 14:00:37
TEY8OO5iafAV96gRKcZohbO6ED,V8,sensor_temp,26.0,2024-05-28 13:55:37
TEY8OO5iafAV96gRKcZohbO6ED,V8,sensor_temp,25.7,2024-05-28 13:50:37
TEY8OO5iafAV96gRKcZohbO6ED,V8,sensor_temp,26.2,2024-05-28 13:45:37
TEY8OO5iafAV96gRKcZohbO6ED,V8,sensor_temp,26.6,2024-05-28 13:40:37
TEY8OO5iafAV96gRKcZohbO6ED,V8,sensor_temp,26.0,2024-05-28 13:35:37
TEY8OO5iafAV96gRKcZohbO6ED,V8,sensor_temp,25.0,2024-05-28 13:30:37
TEY8OO5iafAV96gRKcZohbO6ED,V8,sensor_temp,26.2,2024-05-28 13:25:37
TEY8OO5iafAV96gRKcZohbO6ED,V8,sensor_temp,26.0,2024-05-28 13:20:37
TEY8OO5iafAV96gRKcZohbO6ED,V8,sensor_temp,26.5,2024-05-28 13:15:37
TEY8OO5iafAV96gRKcZohbO6ED,V8,sensor_temp,26.9,2024-05-28 13:10:37
TEY8OO5iafAV96gRKcZohbO6ED,V8,sensor_temp,26.0,2024-05-28 13:05:37
TEY8OO5iafAV96gRKcZohbO6ED,V8,sensor_temp,25.2,2024-05-28 13:00:37
TEY8OO5iafAV96gRKcZohbO6ED,V8,sensor_temp,26.9,2024-05-28 12:55:37
TEY8OO5iafAV96gRKcZohbO6ED,V8,sensor_temp,25.1,2024-05-28 12:50:37
TEY8OO5iafAV96gRKcZohbO6ED,V8,sensor_temp,26.1,2024-05-28 12:45:37
TEY8OO5iafAV96gRKcZohbO6ED,V8,sensor_temp,25.5,2024-05-28 12:40:37
TEY8OO5iafAV96gRKcZohbO6ED,V8,sensor_temp,26.9,2024-05-28 12:35:37
TEY8OO5iafAV96gRKcZohbO6ED,V8,sensor_temp,25.1,2024-05-28 12:30:37
TEY8OO5iafAV96gRKcZohbO6ED,V8,sensor_temp,25.9,2024-05-28 12:25:37
TEY8OO5iafAV96gRKcZohbO6ED,V8,sensor_temp,25.0,2024-05-28 12:20:37
TEY8OO5iafAV96gRKcZohbO6ED,V8,sensor_temp,26.1,2024-05-28 12:15:37
TEY8OO5iafAV96gRKcZohbO6ED,V8,sensor_temp,25.2,2024-05-28 12:10:37
TEY8OO5iafAV96gRKcZohbO6ED,V8,sensor_temp,26.5,2024-05-28 12:05:37
TEY8OO5iafAV96gRKcZohbO6ED,V8,sensor_temp,25.7,2024-05-28 12:00:37
TEY8OO5iafAV96gRKcZohbO6ED,V8,sensor_temp,26.2,2024-05-28 11:55:37
TEY8OO5iafAV96gRKcZohbO6ED,V8,sensor_temp,26.7,2024-05-28 11:50:37
TEY8OO5iafAV96gRKcZohbO6ED,V8,sensor_temp,26.8,2024-05-28 11:45:37
TEY8OO5iafAV96gRKcZohbO6ED,V8,sensor_temp,26.5,2024-05-28 11:40:37
TEY8OO5iafAV96gRKcZohbO6ED,V8,sensor_temp,25.1,2024-05-28 11:35:37
TEY8OO5iafAV96gRKcZohbO6ED,V8,sensor_temp,26.6,2024-05-28 11:30:37
TEY8OO5iafAV96gRKcZohbO6ED,V8,sensor_temp,25.6,2024-05-28 11:25:37
TEY8OO5iafAV96gRKcZohbO6ED,V8,sensor_temp,25.5,2024-05-28 11:20:37
TEY8OO5iafAV96gRKcZohbO6ED,V8,sensor_temp,25.6,2024-05-28 11:15:37
TEY8OO5iafAV96gRKcZohbO6ED,V8,sensor_temp,26.5,2024-05-28 11:10:37
TEY8OO5iafAV96gRKcZohbO6ED,V8,sensor_temp,25.2,2024-05-28 11:05:37
TEY8OO5iafAV96gRKcZohbO6ED,V8,sensor_temp,25.9,2024-05-28 11:00:37
TEY8OO5iafAV96gRKcZohbO6ED,V8,sensor_temp,25.8,2024-05-28 10:55:37
TEY8OO5iafAV96gRKcZohbO6ED,V8,sensor_temp,25.2,2024-05-28 10:50:37
TEY8OO5iafAV96gRKcZohbO6ED,V8,sensor_temp,25.8,2024-05-28 10:45:37
TEY8OO5iafAV96gRKcZohbO6ED,V8,sensor_temp,26.8,2024-05-28 10:40:37
TEY8OO5iafAV96gRKcZohbO6ED,V8,sensor_temp,26.9,2024-05-28 10:35:37
TEY8OO5iafAV96gRKcZohbO6ED,V8,sensor_temp,25.5,2024-05-28 10:30:37
TEY8OO5iafAV96gRKcZohbO6ED,V8,sensor_temp,25.6,2024-05-28 10:25:37
TEY8OO5iafAV96gRKcZohbO6ED,V8,sensor_temp,25.4,2024-05-28 10:20:37
TEY8OO5iafAV96gRKcZohbO6ED,V8,sensor_temp,26.1,2024-05-28 10:15:37
TEY8OO5iafAV96gRKcZohbO6ED,V8,sensor_temp,25.2,2024-05-28 10:10:37
TEY8OO5iafAV96gRKcZohbO6ED,V8,sensor_temp,25.5,2024-05-28 10:05:37
TEY8OO5iafAV96gRKcZohbO6ED,V8,sensor_temp,27.0,2024-05-28 10:00:37
TEY8OO5iafAV96gRKcZohbO6ED,V8,sensor_temp,26.5,2024-05-28 09:55:37
TEY8OO5iafAV96gRKcZohbO6ED,V8,sensor_temp,25.9,2024-05-28 09:50:37
TEY8OO5iafAV96gRKcZohbO6ED,V8,sensor_temp,25.4,2024-05-28 09:45:37
TEY8OO5iafAV96gRKcZohbO6ED,V8,sensor_temp,25.0,2024-05-28 09:40:37
TEY8OO5iafAV96gRKcZohbO6ED,V8,sensor_temp,26.8,2024-05-28 09:35:37
TEY8OO5iafAV96gRKcZohbO6ED,V8,sensor_temp,25.4,2024-05-28 09:30:37
TEY8OO5iafAV96gRKcZohbO6ED,V8,sensor_temp,26.3,2024-05-28 09:25:37
TEY8OO5iafAV96gRKcZohbO6ED,V8,sensor_temp,27.0,2024-05-28 09:20:37
TEY8OO5iafAV96gRKcZohbO6ED,V8,sensor_temp,25.6,2024-05-28 09:15:37
TEY8OO5iafAV96gRKcZohbO6ED,V8,sensor_temp,25.3,2024-05-28 09:10:37
TEY8OO5iafAV96gRKcZohbO6ED,V8,sensor_temp,25.2,2024-05-28 09:05:37
TEY8OO5iafAV96gRKcZohbO6ED,V8,sensor_temp,25.7,2024-05-28 09:00:37
TEY8OO5iafAV96gRKcZohbO6ED,V8,sensor_temp,25.0,2024-05-28 08:55:37
TEY8OO5iafAV96gRKcZohbO6ED,V8,sensor_temp,26.8,2024-05-28 08:50:37
TEY8OO5iafAV96gRKcZohbO6ED,V8,sensor_temp,26.8,2024-05-28 08:45:37
TEY8OO5iafAV96gRKcZohbO6ED,V8,sensor_temp,26.6,2024-05-28 08:40:37
TEY8OO5iafAV96gRKcZohbO6ED,V8,sensor_temp,25.7,2024-05-28 08:35:37
TEY8OO5iafAV96gRKcZohbO6ED,V8,sensor_temp,26.2,2024-05-28 08:30:37
TEY8OO5iafAV96gRKcZohbO6ED,V8,sensor_temp,26.7,2024-05-28 08:25:37
TEY8OO5iafAV96gRKcZohbO6ED,V8,sensor_temp,26.7,2024-05-28 08:20:37
TEY8OO5iafAV96gRKcZohbO6ED,V8,sensor_temp,26.1,2024-05-28 08:15:37
TEY8OO5iafAV96gRKcZohbO6ED,V8,sensor_temp,26.4,2024-05-28 08:10:37
TEY8OO5iafAV96gRKcZohbO6ED,V8,sensor_temp,25.9,2024-05-28 08:05:37
TEY8OO5iafAV96gRKcZohbO6ED,V8,sensor_temp,26.6,2024-05-28 08:00:37
TEY8OO5iafAV96gRKcZohbO6ED,V8,sensor_temp,25.6,2024-05-28 07:55:37
TEY8OO5iafAV96gRKcZohbO6ED,V8,sensor_temp,26.8,2024-05-28 07:50:37
TEY8OO5iafAV96gRKcZohbO6ED,V8,sensor_temp,25.2,2024-05-28 07:45:37
TEY8OO5iafAV96gRKcZohbO6ED,V8,sensor_temp,26.9,2024-05-28 07:40:37
TEY8OO5iafAV96gRKcZohbO6ED,V8,sensor_temp,25.8,2024-05-28 07:35:37
TEY8OO5iafAV96gRKcZohbO6ED,V8,sensor_temp,25.5,2024-05-28 07:30:37
TEY8OO5iafAV96gRKcZohbO6ED,V8,sensor_temp,25.9,2024-05-28 07:25:37
TEY8OO5iafAV96gRKcZohbO6ED,V8,sensor_temp,26.8,2024-05-28 07:20:37
TEY8OO5iafAV96gRKcZohbO6ED,V8,sensor_temp,27.0,2024-05-28 07:15:37
TEY8OO5iafAV96gRKcZohbO6ED,V8,sensor_temp,26.6,2024-05-28 07:10:37
TEY8OO5iafAV96gRKcZohbO6ED,V8,sensor_temp,26.9,2024-05-28 07:05:37
TEY8OO5iafAV96gRKcZohbO6ED,V8,sensor_temp,26.5,2024-05-28 07:00:37
TEY8OO5iafAV96gRKcZohbO6ED,V8,sensor_temp,26.1,2024-05-28 06:55:37
TEY8OO5iafAV96gRKcZohbO6ED,V8,sensor_temp,26.0,2024-05-28 06:50:37
TEY8OO5iafAV96gRKcZohbO6ED,V8,sensor_temp,25.2,2024-05-28 06:45:37
TEY8OO5iafAV96gRKcZohbO6ED,V8,sensor_temp,26.9,2024-05-28 06:40:37
TEY8OO5iafAV96gRKcZohbO6ED,V8,sensor_temp,25.3,2024-05-28 06:35:37
TEY8OO5iafAV96gRKcZohbO6ED,V8,sensor_temp,26.9,2024-05-28 06:30:37
TEY8OO5iafAV96gRKcZohbO6ED,V8,sensor_temp,25.4,2024-05-28 06:25:37
TEY8OO5iafAV96gRKcZohbO6ED,V8,sensor_temp,26.4,2024-05-28 06:20:37
TEY8OO5iafAV96gRKcZohbO6ED,V8,sensor_temp,26.8,2024-05-28 06:15:37
TEY8OO5iafAV96gRKcZohbO6ED,V8,sensor_temp,26.8,2024-05-28 06:10:37
TEY8OO5iafAV96gRKcZohbO6ED,V8,sensor_temp,26.1,2024-05-28 06:05:37
TEY8OO5iafAV96gRKcZohbO6ED,V8,sensor_temp,25.3,2024-05-28 06:00:37
TEY8OO5iafAV96gRKcZohbO6ED,V8,sensor_temp,26.4,2024-05-28 05:55:37
TEY8OO5iafAV96gRKcZohbO6ED,V8,sensor_temp,26.3,2024-05-28 05:50:37
TEY8OO5iafAV96gRKcZohbO6ED,V8,sensor_temp,26.7,2024-05-28 05:45:37
TEY8OO5iafAV96gRKcZohbO6ED,V8,sensor_temp,25.4,2024-05-28 05:40:37
TEY8OO5iafAV96gRKcZohbO6ED,V8,sensor_temp,26.3,2024-05-28 05:35:37
TEY8OO5iafAV96gRKcZohbO6ED,V8,sensor_temp,26.2,2024-05-28 05:30:37
TEY8OO5iafAV96gRKcZohbO6ED,V8,sensor_temp,26.0,2024-05-28 05:25:37
TEY8OO5iafAV96gRKcZohbO6ED,V8,sensor_temp,25.5,2024-05-28 05:20:37
TEY8OO5iafAV96gRKcZohbO6ED,V8,sensor_temp,26.4,2024-05-28 05:15:37
TEY8OO5iafAV96gRKcZohbO6ED,V8,sensor_temp,26.8,2024-05-28 05:10:37
TEY8OO5iafAV96gRKcZohbO6ED,V8,sensor_temp,25.2,2024-05-28 05:05:37
TEY8OO5iafAV96gRKcZohbO6ED,V8,sensor_temp,26.1,2024-05-28 05:00:37
TEY8OO5iafAV96gRKcZohbO6ED,V8,sensor_temp,25.8,2024-05-28 04:55:37
TEY8OO5iafAV96gRKcZohbO6ED,V8,sensor_temp,25.2,2024-05-28 04:50:37
TEY8OO5iafAV96gRKcZohbO6ED,V8,sensor_temp,25.3,2024-05-28 04:45:37
TEY8OO5iafAV96gRKcZohbO6ED,V8,sensor_temp,26.1,2024-05-28 04:40:37
TEY8OO5iafAV96gRKcZohbO6ED,V8,sensor_temp,25.5,2024-05-28 04:35:37
TEY8OO5iafAV96gRKcZohbO6ED,V8,sensor_temp,26.9,2024-05-28 04:30:37
TEY8OO5iafAV96gRKcZohbO6ED,V8,sensor_temp,25.1,2024-05-28 04:25:37
TEY8OO5iafAV96gRKcZohbO6ED,V8,sensor_temp,25.1,2024-05-28 04:20:37
TEY8OO5iafAV96gRKcZohbO6ED,V8,sensor_temp,26.0,2024-05-28 04:15:37
TEY8OO5iafAV96gRKcZohbO6ED,V8,sensor_temp,26.5,2024-05-28 04:10:37
TEY8OO5iafAV96gRKcZohbO6ED,V8,sensor_temp,26.5,2024-05-28 04:05:37
TEY8OO5iafAV96gRKcZohbO6ED,V8,sensor_temp,25.2,2024-05-28 04:00:37
TEY8OO5iafAV96gRKcZohbO6ED,V8,sensor_temp,25.2,2024-05-28 03:55:37
TEY8OO5iafAV96gRKcZohbO6ED,V8,sensor_temp,25.2,2024-05-28 03:50:37
TEY8OO5iafAV96gRKcZohbO6ED,V8,sensor_temp,26.8,2024-05-28 03:45:37
TEY8OO5iafAV96gRKcZohbO6ED,V8,sensor_temp,25.8,2024-05-28 03:40:37
TEY8OO5iafAV96gRKcZohbO6ED,V8,sensor_temp,26.1,2024-05-28 03:35:37
TEY8OO5iafAV96gRKcZohbO6ED,V8,sensor_temp,26.6,2024-05-28 03:30:37
TEY8OO5iafAV96gRKcZohbO6ED,V8,sensor_temp,26.3,2024-05-28 03:25:37
TEY8OO5iafAV96gRKcZohbO6ED,V8,sensor_temp,26.4,2024-05-28 03:20:37
TEY8OO5iafAV96gRKcZohbO6ED,V8,sensor_temp,26.2,2024-05-28 03:15:37
TEY8OO5iafAV96gRKcZohbO6ED,V8,sensor_temp,25.5,2024-05-28 03:10:37
TEY8OO5iafAV96gRKcZohbO6ED,V8,sensor_temp,26.5,2024-05-28 03:05:37
TEY8OO5iafAV96gRKcZohbO6ED,V8,sensor_temp,26.7,2024-05-28 03:00:37
TEY8OO5iafAV96gRKcZohbO6ED,V8,sensor_temp,26.5,2024-05-28 02:55:37
TEY8OO5iafAV96gRKcZohbO6ED,V8,sensor_temp,25.3,2024-05-28 02:50:37
TEY8OO5iafAV96gRKcZohbO6ED,V8,sensor_temp,25.4,2024-05-28 02:45:37
TEY8OO5iafAV96gRKcZohbO6ED,V8,sensor_temp,25.3,2024-05-28 02:40:37
TEY8OO5iafAV96gRKcZohbO6ED,V8,sensor_temp,26.2,2024-05-28 02:35:37
TEY8OO5iafAV96gRKcZohbO6ED,V8,sensor_temp,26.2,2024-05-28 02:30:37
TEY8OO5iafAV96gRKcZohbO6ED,V8,sensor_temp,26.0,2024-05-28 02:25:37
TEY8OO5iafAV96gRKcZohbO6ED,V8,sensor_temp,25.1,2024-05-28 02:20:37
TEY8OO5iafAV96gRKcZohbO6ED,V8,sensor_temp,26.8,2024-05-28 02:15:37
TEY8OO5iafAV96gRKcZohbO6ED,V8,sensor_temp,25.8,2024-05-28 02:10:37
TEY8OO5iafAV96gRKcZohbO6ED,V8,sensor_temp,26.3,2024-05-28 02:05:37
TEY8OO5iafAV96gRKcZohbO6ED,V8,sensor_temp,25.1,2024-05-28 02:00:37
TEY8OO5iafAV96gRKcZohbO6ED,V8,sensor_temp,26.5,2024-05-28 01:55:37
TEY8OO5iafAV96gRKcZohbO6ED,V8,sensor_temp,26.7,2024-05-28 01:50:37
TEY8OO5iafAV96gRKcZohbO6ED,V8,sensor_temp,26.2,2024-05-28 01:45:37
TEY8OO5iafAV96gRKcZohbO6ED,V8,sensor_temp,26.7,2024-05-28 01:40:37
TEY8OO5iafAV96gRKcZohbO6ED,V8,sensor_temp,26.7,2024-05-28 01:35:37
TEY8OO5iafAV96gRKcZohbO6ED,V8,sensor_temp,26.8,2024-05-28 01:30:37
TEY8OO5iafAV96gRKcZohbO6ED,V8,sensor_temp,26.0,2024-05-28 01:25:37
TEY8OO5iafAV96gRKcZohbO6ED,V8,sensor_temp,25.5,2024-05-28 01:20:37
TEY8OO5iafAV96gRKcZohbO6ED,V8,sensor_temp,25.1,2024-05-28 01:15:37
TEY8OO5iafAV96gRKcZohbO6ED,V8,sensor_temp,26.6,2024-05-28 01:10:37
TEY8OO5iafAV96gRKcZohbO6ED,V8,sensor_temp,26.5,2024-05-28 01:05:37
TEY8OO5iafAV96gRKcZohbO6ED,V8,sensor_temp,25.3,2024-05-28 01:00:37
TEY8OO5iafAV96gRKcZohbO6ED,V8,sensor_temp,25.5,2024-05-28 00:55:37
TEY8OO5iafAV96gRKcZohbO6ED,V8,sensor_temp,26.2,2024-05-28 00:50:37
TEY8OO5iafAV96gRKcZohbO6ED,V8,sensor_temp,25.3,2024-05-28 00:45:37
TEY8OO5iafAV96gRKcZohbO6ED,V8,sensor_temp,26.0,2024-05-28 00:40:37
TEY8OO5iafAV96gRKcZohbO6ED,V8,sensor_temp,26.1,2024-05-28 00:35:37
TEY8OO5iafAV96gRKcZohbO6ED,V8,sensor_temp,26.5,2024-05-28 00:30:37
TEY8OO5iafAV96gRKcZohbO6ED,V8,sensor_temp,25.4,2024-05-28 00:25:37
TEY8OO5iafAV96gRKcZohbO6ED,V8,sensor_temp,26.8,2024-05-28 00:20:37
TEY8OO5iafAV96gRKcZohbO6ED,V8,sensor_temp,25.6,2024-05-28 00:15:37
TEY8OO5iafAV96gRKcZohbO6ED,V8,sensor_temp,26.3,2024-05-28 00:10:37
TEY8OO5iafAV96gRKcZohbO6ED,V8,sensor_temp,25.7,2024-05-28 00:05:37
TEY8OO5iafAV96gRKcZohbO6ED,V8,sensor_temp,26.4,2024-05-28 00:00:37
TEY8OO5iafAV96gRKcZohbO6ED,V8,sensor_temp,26.5,2024-05-27 23:55:37
TEY8OO5iafAV96gRKcZohbO6ED,V8,sensor_temp,26.5,2024-05-27 23:50:37
TEY8OO5iafAV96gRKcZohbO6ED,V8,sensor_temp,25.4,2024-05-27 23:45:37
TEY8OO5iafAV96gRKcZohbO6ED,V8,sensor_temp,25.3,2024-05-27 23:40:37
TEY8OO5iafAV96gRKcZohbO6ED,V8,sensor_temp,25.4,2024-05-27 23:35:37
TEY8OO5iafAV96gRKcZohbO6ED,V8,sensor_temp,25.6,2024-05-27 23:30:37
TEY8OO5iafAV96gRKcZohbO6ED,V8,sensor_temp,25.6,2024-05-27 23:25:37
TEY8OO5iafAV96gRKcZohbO6ED,V8,sensor_temp,25.7,2024-05-27 23:20:37
TEY8OO5iafAV96gRKcZohbO6ED,V8,sensor_temp,26.8,2024-05-27 23:15:37
TEY8OO5iafAV96gRKcZohbO6ED,V8,sensor_temp,25.4,2024-05-27 23:10:37
TEY8OO5iafAV96gRKcZohbO6ED,V8,sensor_temp,25.2,2024-05-27 23:05:37
TEY8OO5iafAV96gRKcZohbO6ED,V8,sensor_temp,26.7,2024-05-27 23:00:37
TEY8OO5iafAV96gRKcZohbO6ED,V8,sensor_temp,26.0,2024-05-27 22:55:37
TEY8OO5iafAV96gRKcZohbO6ED,V8,sensor_temp,25.5,2024-05-27 22:50:37
TEY8OO5iafAV96gRKcZohbO6ED,V8,sensor_temp,26.4,2024-05-27 22:45:37
TEY8OO5iafAV96gRKcZohbO6ED,V8,sensor_temp,25.9,2024-05-27 22:40:37
TEY8OO5iafAV96gRKcZohbO6ED,V8,sensor_temp,26.0,2024-05-27 22:35:37
TEY8OO5iafAV96gRKcZohbO6ED,V8,sensor_temp,27.0,2024-05-27 22:30:37
TEY8OO5iafAV96gRKcZohbO6ED,V8,sensor_temp,26.2,2024-05-27 22:25:37
TEY8OO5iafAV96gRKcZohbO6ED,V8,sensor_temp,25.2,2024-05-27 22:20:37
TEY8OO5iafAV96gRKcZohbO6ED,V8,sensor_temp,25.9,2024-05-27 22:15:37
TEY8OO5iafAV96gRKcZohbO6ED,V8,sensor_temp,25.2,2024-05-27 22:10:37
TEY8OO5iafAV96gRKcZohbO6ED,V8,sensor_temp,26.2,2024-05-27 22:05:37
TEY8OO5iafAV96gRKcZohbO6ED,V8,sensor_temp,25.4,2024-05-27 22:00:37
TEY8OO5iafAV96gRKcZohbO6ED,V8,sensor_temp,26.9,2024-05-27 21:55:37
TEY8OO5iafAV96gRKcZohbO6ED,V8,sensor_temp,25.8,2024-05-27 21:50:37
TEY8OO5iafAV96gRKcZohbO6ED,V8,sensor_temp,26.6,2024-05-27 21:45:37
TEY8OO5iafAV96gRKcZohbO6ED,V8,sensor_temp,25.8,2024-05-27 21:40:37
TEY8OO5iafAV96gRKcZohbO6ED,V8,sensor_temp,25.3,2024-05-27 21:35:37
TEY8OO5iafAV96gRKcZohbO6ED,V8,sensor_temp,26.7,2024-05-27 21:30:37
TEY8OO5iafAV96gRKcZohbO6ED,V8,sensor_temp,27.0,2024-05-27 21:25:37
TEY8OO5iafAV96gRKcZohbO6ED,V8,sensor_temp,25.6,2024-05-27 21:20:37
TEY8OO5iafAV96gRKcZohbO6ED,V8,sensor_temp,26.8,2024-05-27 21:15:37
TEY8OO5iafAV96gRKcZohbO6ED,V8,sensor_temp,26.3,2024-05-27 21:10:37
TEY8OO5iafAV96gRKcZohbO6ED,V8,sensor_temp,25.2,2024-05-27 21:05:37
TEY8OO5iafAV96gRKcZohbO6ED,V8,sensor_temp,26.4,2024-05-27 21:00:37
TEY8OO5iafAV96gRKcZohbO6ED,V8,sensor_temp,26.5,2024-05-27 20:55:37
TEY8OO5iafAV96gRKcZohbO6ED,V8,sensor_temp,25.7,2024-05-27 20:50:37
TEY8OO5iafAV96gRKcZohbO6ED,V8,sensor_temp,26.2,2024-05-27 20:45:37
TEY8OO5iafAV96gRKcZohbO6ED,V8,sensor_temp,26.9,2024-05-27 20:40:37
TEY8OO5iafAV96gRKcZohbO6ED,V8,sensor_temp,26.4,2024-05-27 20:35:37
TEY8OO5iafAV96gRKcZohbO6ED,V8,sensor_temp,25.4,2024-05-27 20:30:37
TEY8OO5iafAV96gRKcZohbO6ED,V8,sensor_temp,25.1,2024-05-27 20:25:37
TEY8OO5iafAV96gRKcZohbO6ED,V8,sensor_temp,26.7,2024-05-27 20:20:37
TEY8OO5iafAV96gRKcZohbO6ED,V8,sensor_temp,25.5,2024-05-27 20:15:37
TEY8OO5iafAV96gRKcZohbO6ED,V8,sensor_temp,25.3,2024-05-27 20:10:37
TEY8OO5iafAV96gRKcZohbO6ED,V8,sensor_temp,25.7,2024-05-27 20:05:37
TEY8OO5iafAV96gRKcZohbO6ED,V8,sensor_temp,26.3,2024-05-27 20:00:37
TEY8OO5iafAV96gRKcZohbO6ED,V8,sensor_temp,25.5,2024-05-27 19:55:37
TEY8OO5iafAV96gRKcZohbO6ED,V8,sensor_temp,26.3,2024-05-27 19:50:37
TEY8OO5iafAV96gRKcZohbO6ED,V8,sensor_temp,26.3,2024-05-27 19:45:37
TEY8OO5iafAV96gRKcZohbO6ED,V8,sensor_temp,25.1,2024-05-27 19:40:37
TEY8OO5iafAV96gRKcZohbO6ED,V8,sensor_temp,26.6,2024-05-27 19:35:37
TEY8OO5iafAV96gRKcZohbO6ED,V8,sensor_temp,25.2,2024-05-27 19:30:37
TEY8OO5iafAV96gRKcZohbO6ED,V8,sensor_temp,26.4,2024-05-27 19:25:37
TEY8OO5iafAV96gRKcZohbO6ED,V8,sensor_temp,26.7,2024-05-27 19:20:37
TEY8OO5iafAV96gRKcZohbO6ED,V8,sensor_temp,27.0,2024-05-27 19:15:37
TEY8OO5iafAV96gRKcZohbO6ED,V8,sensor_temp,26.3,2024-05-27 19:10:37
TEY8OO5iafAV96gRKcZohbO6ED,V8,sensor_temp,25.3,2024-05-27 19:05:37
TEY8OO5iafAV96gRKcZohbO6ED,V8,sensor_temp,26.8,2024-05-27 19:00:37
TEY8OO5iafAV96gRKcZohbO6ED,V8,sensor_temp,25.6,2024-05-27 18:55:37
TEY8OO5iafAV96gRKcZohbO6ED,V8,sensor_temp,26.8,2024-05-27 18:50:37
TEY8OO5iafAV96gRKcZohbO6ED,V8,sensor_temp,26.8,2024-05-27 18:45:37
TEY8OO5iafAV96gRKcZohbO6ED,V8,sensor_temp,25.7,2024-05-27 18:40:37
TEY8OO5iafAV96gRKcZohbO6ED,V8,sensor_temp,25.7,2024-05-27 18:35:37
TEY8OO5iafAV96gRKcZohbO6ED,V8,sensor_temp,26.7,2024-05-27 18:30:37
TEY8OO5iafAV96gRKcZohbO6ED,V8,sensor_temp,26.0,2024-05-27 18:25:37
TEY8OO5iafAV96gRKcZohbO6ED,V8,sensor_temp,25.1,2024-05-27 18:20:37
TEY8OO5iafAV96gRKcZohbO6ED,V8,sensor_temp,26.1,2024-05-27 18:15:37
TEY8OO5iafAV96gRKcZohbO6ED,V8,sensor_temp,25.7,2024-05-27 18:10:37
TEY8OO5iafAV96gRKcZohbO6ED,V8,sensor_temp,26.4,2024-05-27 18:05:37
TEY8OO5iafAV96gRKcZohbO6ED,V8,sensor_temp,25.4,2024-05-27 18:00:37
TEY8OO5iafAV96gRKcZohbO6ED,V8,sensor_temp,26.4,2024-05-27 17:55:37
TEY8OO5iafAV96gRKcZohbO6ED,V8,sensor_temp,27.0,2024-05-27 17:50:37
TEY8OO5iafAV96gRKcZohbO6ED,V8,sensor_temp,25.3,2024-05-27 17:45:37
TEY8OO5iafAV96gRKcZohbO6ED,V8,sensor_temp,26.0,2024-05-27 17:40:37
TEY8OO5iafAV96gRKcZohbO6ED,V8,sensor_temp,26.0,2024-05-27 17:35:37
TEY8OO5iafAV96gRKcZohbO6ED,V8,sensor_temp,25.3,2024-05-27 17:30:37
TEY8OO5iafAV96gRKcZohbO6ED,V8,sensor_temp,26.8,2024-05-27 17:25:37
TEY8OO5iafAV96gRKcZohbO6ED,V8,sensor_temp,25.1,2024-05-27 17:20:37
TEY8OO5iafAV96gRKcZohbO6ED,V8,sensor_temp,26.9,2024-05-27 17:15:37
TEY8OO5iafAV96gRKcZohbO6ED,V8,sensor_temp,25.2,2024-05-27 17:10:37
TEY8OO5iafAV96gRKcZohbO6ED,V8,sensor_temp,25.0,2024-05-27 17:05:37
TEY8OO5iafAV96gRKcZohbO6ED,V8,sensor_temp,26.3,2024-05-27 17:00:37
TEY8OO5iafAV96gRKcZohbO6ED,V8,sensor_temp,26.2,2024-05-27 16:55:37
TEY8OO5iafAV96gRKcZohbO6ED,V8,sensor_temp,26.9,2024-05-27 16:50:37
TEY8OO5iafAV96gRKcZohbO6ED,V8,sensor_temp,25.6,2024-05-27 16:45:37
TEY8OO5iafAV96gRKcZohbO6ED,V8,sensor_temp,26.5,2024-05-27 16:40:37
TEY8OO5iafAV96gRKcZohbO6ED,V8,sensor_temp,25.9,2024-05-27 16:35:37
TEY8OO5iafAV96gRKcZohbO6ED,V8,sensor_temp,26.6,2024-05-27 16:30:37
TEY8OO5iafAV96gRKcZohbO6ED,V8,sensor_temp,26.6,2024-05-27 16:25:37
TEY8OO5iafAV96gRKcZohbO6ED,V8,sensor_temp,25.1,2024-05-27 16:20:37
TEY8OO5iafAV96gRKcZohbO6ED,V8,sensor_temp,26.0,2024-05-27 16:15:37
TEY8OO5iafAV96gRKcZohbO6ED,V8,sensor_temp,26.3,2024-05-27 16:10:37
TEY8OO5iafAV96gRKcZohbO6ED,V8,sensor_temp,25.7,2024-05-27 16:05:37
TEY8OO5iafAV96gRKcZohbO6ED,V8,sensor_temp,25.9,2024-05-27 16:00:37
TEY8OO5iafAV96gRKcZohbO6ED,V8,sensor_temp,26.1,2024-05-27 15:55:37
TEY8OO5iafAV96gRKcZohbO6ED,V8,sensor_temp,25.8,2024-05-27 15:50:37
TEY8OO5iafAV96gRKcZohbO6ED,V8,sensor_temp,26.0,2024-05-27 15:45:37
TEY8OO5iafAV96gRKcZohbO6ED,V8,sensor_temp,25.2,2024-05-27 15:40:37
TEY8OO5iafAV96gRKcZohbO6ED,V8,sensor_temp,25.4,2024-05-27 15:35:37
TEY8OO5iafAV96gRKcZohbO6ED,V8,sensor_temp,25.2,2024-05-27 15:30:37
TEY8OO5iafAV96gRKcZohbO6ED,V8,sensor_temp,26.2,2024-05-27 15:25:37
TEY8OO5iafAV96gRKcZohbO6ED,V8,sensor_temp,25.6,2024-05-27 15:20:37
TEY8OO5iafAV96gRKcZohbO6ED,V8,sensor_temp,25.6,2024-05-27 15:15:37
TEY8OO5iafAV96gRKcZohbO6ED,V8,sensor_temp,26.4,2024-05-27 15:10:37
TEY8OO5iafAV96gRKcZohbO6ED,V8,sensor_temp,26.4,2024-05-27 15:05:37
TEY8OO5iafAV96gRKcZohbO6ED,V8,sensor_temp,26.1,2024-05-27 15:00:37
TEY8OO5iafAV96gRKcZohbO6ED,V8,sensor_temp,26.3,2024-05-27 14:55:37
TEY8OO5iafAV96gRKcZohbO6ED,V8,sensor_temp,25.3,2024-05-27 14:50:37
TEY8OO5iafAV96gRKcZohbO6ED,V8,sensor_temp,25.8,2024-05-27 14:45:37
TEY8OO5iafAV96gRKcZohbO6ED,V8,sensor_temp,26.6,2024-05-27 14:40:37
TEY8OO5iafAV96gRKcZohbO6ED,V8,sensor_temp,25.0,2024-05-27 14:35:37
TEY8OO5iafAV96gRKcZohbO6ED,V8,sensor_temp,26.2,2024-05-27 14:30:37
TEY8OO5iafAV96gRKcZohbO6ED,V8,sensor_temp,26.8,2024-05-27 14:25:37
TEY8OO5iafAV96gRKcZohbO6ED,V8,sensor_temp,27.0,2024-05-27 14:20:37
TEY8OO5iafAV96gRKcZohbO6ED,V8,sensor_temp,25.8,2024-05-27 14:15:37
TEY8OO5iafAV96gRKcZohbO6ED,V8,sensor_temp,26.3,2024-05-27 14:10:37
TEY8OO5iafAV96gRKcZohbO6ED,V8,sensor_temp,25.2,2024-05-27 14:05:37
TEY8OO5iafAV96gRKcZohbO6ED,V8,sensor_temp,26.2,2024-05-27 14:00:37
TEY8OO5iafAV96gRKcZohbO6ED,V8,sensor_temp,26.8,2024-05-27 13:55:37
TEY8OO5iafAV96gRKcZohbO6ED,V8,sensor_temp,26.1,2024-05-27 13:50:37
TEY8OO5iafAV96gRKcZohbO6ED,V8,sensor_temp,26.4,2024-05-27 13:45:37
TEY8OO5iafAV96gRKcZohbO6ED,V8,sensor_temp,25.7,2024-05-27 13:40:37
TEY8OO5iafAV96gRKcZohbO6ED,V8,sensor_temp,26.0,2024-05-27 13:35:37
TEY8OO5iafAV96gRKcZohbO6ED,V8,sensor_temp,26.4,2024-05-27 13:30:37
TEY8OO5iafAV96gRKcZohbO6ED,V8,sensor_temp,27.0,2024-05-27 13:25:37
TEY8OO5iafAV96gRKcZohbO6ED,V8,sensor_temp,25.9,2024-05-27 13:20:37
TEY8OO5iafAV96gRKcZohbO6ED,V8,sensor_temp,26.1,2024-05-27 13:15:37
TEY8OO5iafAV96gRKcZohbO6ED,V8,sensor_temp,25.1,2024-05-27 13:10:37
TEY8OO5iafAV96gRKcZohbO6ED,V8,sensor_temp,25.5,2024-05-27 13:05:37
TEY8OO5iafAV96gRKcZohbO6ED,V8,sensor_temp,26.2,2024-05-27 13:00:37
TEY8OO5iafAV96gRKcZohbO6ED,V8,sensor_temp,26.0,2024-05-27 12:55:37
TEY8OO5iafAV96gRKcZohbO6ED,V8,sensor_temp,26.1,2024-05-27 12:50:37
TEY8OO5iafAV96gRKcZohbO6ED,V8,sensor_temp,26.7,2024-05-27 12:45:37
TEY8OO5iafAV96gRKcZohbO6ED,V8,sensor_temp,26.4,2024-05-27 12:40:37
TEY8OO5iafAV96gRKcZohbO6ED,V8,sensor_temp,26.8,2024-05-27 12:35:37
TEY8OO5iafAV96gRKcZohbO6ED,V8,sensor_temp,25.6,2024-05-27 12:30:37
TEY8OO5iafAV96gRKcZohbO6ED,V8,sensor_temp,25.6,2024-05-27 12:25:37
TEY8OO5iafAV96gRKcZohbO6ED,V8,sensor_temp,26.3,2024-05-27 12:20:37
TEY8OO5iafAV96gRKcZohbO6ED,V8,sensor_temp,26.1,2024-05-27 12:15:37
TEY8OO5iafAV96gRKcZohbO6ED,V8,sensor_temp,25.6,2024-05-27 12:10:37
TEY8OO5iafAV96gRKcZohbO6ED,V8,sensor_temp,26.2,2024-05-27 12:05:37
TEY8OO5iafAV96gRKcZohbO6ED,V8,sensor_temp,26.5,2024-05-27 12:00:37
TEY8OO5iafAV96gRKcZohbO6ED,V8,sensor_temp,25.5,2024-05-27 11:55:37
TEY8OO5iafAV96gRKcZohbO6ED,V8,sensor_temp,25.8,2024-05-27 11:50:37
TEY8OO5iafAV96gRKcZohbO6ED,V8,sensor_temp,25.7,2024-05-27 11:45:37
TEY8OO5iafAV96gRKcZohbO6ED,V8,sensor_temp,26.9,2024-05-27 11:40:37
TEY8OO5iafAV96gRKcZohbO6ED,V8,sensor_temp,26.7,2024-05-27 11:35:37
TEY8OO5iafAV96gRKcZohbO6ED,V8,sensor_temp,25.5,2024-05-27 11:30:37
TEY8OO5iafAV96gRKcZohbO6ED,V8,sensor_temp,25.9,2024-05-27 11:25:37
TEY8OO5iafAV96gRKcZohbO6ED,V8,sensor_temp,26.0,2024-05-27 11:20:37
TEY8OO5iafAV96gRKcZohbO6ED,V8,sensor_temp,25.2,2024-05-27 11:15:37
TEY8OO5iafAV96gRKcZohbO6ED,V8,sensor_temp,25.5,2024-05-27 11:10:37
TEY8OO5iafAV96gRKcZohbO6ED,V8,sensor_temp,25.7,2024-05-27 11:05:37
TEY8OO5iafAV96gRKcZohbO6ED,V8,sensor_temp,26.4,2024-05-27 11:00:37
TEY8OO5iafAV96gRKcZohbO6ED,V8,sensor_temp,26.8,2024-05-27 10:55:37
TEY8OO5iafAV96gRKcZohbO6ED,V8,sensor_temp,25.8,2024-05-27 10:50:37
TEY8OO5iafAV96gRKcZohbO6ED,V8,sensor_temp,26.3,2024-05-27 10:45:37
TEY8OO5iafAV96gRKcZohbO6ED,V8,sensor_temp,25.5,2024-05-27 10:40:37
TEY8OO5iafAV96gRKcZohbO6ED,V8,sensor_temp,25.1,2024-05-27 10:35:37
TEY8OO5iafAV96gRKcZohbO6ED,V8,sensor_temp,26.6,2024-05-27 10:30:37
TEY8OO5iafAV96gRKcZohbO6ED,V8,sensor_temp,25.9,2024-05-27 10:25:37
TEY8OO5iafAV96gRKcZohbO6ED,V8,sensor_temp,25.4,2024-05-27 10:20:37
TEY8OO5iafAV96gRKcZohbO6ED,V8,sensor_temp,25.1,2024-05-27 10:15:37
TEY8OO5iafAV96gRKcZohbO6ED,V8,sensor_temp,26.4,2024-05-27 10:10:37
TEY8OO5iafAV96gRKcZohbO6ED,V8,sensor_temp,26.3,2024-05-27 10:05:37
TEY8OO5iafAV96gRKcZohbO6ED,V8,sensor_temp,25.0,2024-05-27 10:00:37
TEY8OO5iafAV96gRKcZohbO6ED,V8,sensor_temp,25.3,2024-05-27 09:55:37
TEY8OO5iafAV96gRKcZohbO6ED,V8,sensor_temp,25.2,2024-05-27 09:50:37
TEY8OO5iafAV96gRKcZohbO6ED,V8,sensor_temp,26.2,2024-05-27 09:45:37
TEY8OO5iafAV96gRKcZohbO6ED,V8,sensor_temp,26.7,2024-05-27 09:40:37
TEY8OO5iafAV96gRKcZohbO6ED,V8,sensor_temp,25.5,2024-05-27 09:35:37
TEY8OO5iafAV96gRKcZohbO6ED,V8,sensor_temp,26.9,2024-05-27 09:30:37
TEY8OO5iafAV96gRKcZohbO6ED,V8,sensor_temp,25.7,2024-05-27 09:25:37
TEY8OO5iafAV96gRKcZohbO6ED,V8,sensor_temp,26.6,2024-05-27 09:20:37
TEY8OO5iafAV96gRKcZohbO6ED,V8,sensor_temp,25.3,2024-05-27 09:15:37
TEY8OO5iafAV96gRKcZohbO6ED,V8,sensor_temp,25.3,2024-05-27 09:10:37
TEY8OO5iafAV96gRKcZohbO6ED,V8,sensor_temp,25.2,2024-05-27 09:05:37
TEY8OO5iafAV96gRKcZohbO6ED,V8,sensor_temp,26.7,2024-05-27 09:00:37
TEY8OO5iafAV96gRKcZohbO6ED,V8,sensor_temp,26.1,2024-05-27 08:55:37
TEY8OO5iafAV96gRKcZohbO6ED,V8,sensor_temp,25.3,2024-05-27 08:50:37
TEY8OO5iafAV96gRKcZohbO6ED,V8,sensor_temp,26.2,2024-05-27 08:45:37
TEY8OO5iafAV96gRKcZohbO6ED,V8,sensor_temp,25.9,2024-05-27 08:40:37
TEY8OO5iafAV96gRKcZohbO6ED,V8,sensor_temp,26.3,2024-05-27 08:35:37
TEY8OO5iafAV96gRKcZohbO6ED,V8,sensor_temp,26.0,2024-05-27 08:30:37
TEY8OO5iafAV96gRKcZohbO6ED,V8,sensor_temp,26.8,2024-05-27 08:25:37
TEY8OO5iafAV96gRKcZohbO6ED,V8,sensor_temp,26.1,2024-05-27 08:20:37
TEY8OO5iafAV96gRKcZohbO6ED,V8,sensor_temp,25.3,2024-05-27 08:15:37
TEY8OO5iafAV96gRKcZohbO6ED,V8,sensor_temp,25.8,2024-05-27 08:10:37
TEY8OO5iafAV96gRKcZohbO6ED,V8,sensor_temp,25.9,2024-05-27 08:05:37
TEY8OO5iafAV96gRKcZohbO6ED,V8,sensor_temp,25.2,2024-05-27 08:00:37
TEY8OO5iafAV96gRKcZohbO6ED,V8,sensor_temp,25.9,2024-05-27 07:55:37
TEY8OO5iafAV96gRKcZohbO6ED,V8,sensor_temp,26.6,2024-05-27 07:50:37
TEY8OO5iafAV96gRKcZohbO6ED,V8,sensor_temp,25.6,2024-05-27 07:45:37
TEY8OO5iafAV96gRKcZohbO6ED,V8,sensor_temp,26.8,2024-05-27 07:40:37
TEY8OO5iafAV96gRKcZohbO6ED,V8,sensor_temp,26.8,2024-05-27 07:35:37
TEY8OO5iafAV96gRKcZohbO6ED,V8,sensor_temp,26.3,2024-05-27 07:30:37
TEY8OO5iafAV96gRKcZohbO6ED,V8,sensor_temp,26.4,2024-05-27 07:25:37
TEY8OO5iafAV96gRKcZohbO6ED,V8,sensor_temp,26.2,2024-05-27 07:20:37
TEY8OO5iafAV96gRKcZohbO6ED,V8,sensor_temp,25.7,2024-05-27 07:15:37
TEY8OO5iafAV96gRKcZohbO6ED,V8,sensor_temp,25.8,2024-05-27 07:10:37
TEY8OO5iafAV96gRKcZohbO6ED,V8,sensor_temp,26.1,2024-05-27 07:05:37
TEY8OO5iafAV96gRKcZohbO6ED,V8,sensor_temp,25.9,2024-05-27 07:00:37
TEY8OO5iafAV96gRKcZohbO6ED,V8,sensor_temp,26.4,2024-05-27 06:55:37
TEY8OO5iafAV96gRKcZohbO6ED,V8,sensor_temp,26.6,2024-05-27 06:50:37
TEY8OO5iafAV96gRKcZohbO6ED,V8,sensor_temp,26.7,2024-05-27 06:45:37
TEY8OO5iafAV96gRKcZohbO6ED,V8,sensor_temp,26.5,2024-05-27 06:40:37
TEY8OO5iafAV96gRKcZohbO6ED,V8,sensor_temp,25.3,2024-05-27 06:35:37
TEY8OO5iafAV96gRKcZohbO6ED,V8,sensor_temp,26.4,2024-05-27 06:30:37
TEY8OO5iafAV96gRKcZohbO6ED,V8,sensor_temp,26.9,2024-05-27 06:25:37
TEY8OO5iafAV96gRKcZohbO6ED,V8,sensor_temp,25.2,2024-05-27 06:20:37
TEY8OO5iafAV96gRKcZohbO6ED,V8,sensor_temp,25.4,2024-05-27 06:15:37
TEY8OO5iafAV96gRKcZohbO6ED,V8,sensor_temp,25.9,2024-05-27 06:10:37
TEY8OO5iafAV96gRKcZohbO6ED,V8,sensor_temp,25.8,2024-05-27 06:05:37
TEY8OO5iafAV96gRKcZohbO6ED,V8,sensor_temp,25.2,2024-05-27 06:00:37
TEY8OO5iafAV96gRKcZohbO6ED,V8,sensor_temp,26.8,2024-05-27 05:55:37
TEY8OO5iafAV96gRKcZohbO6ED,V8,sensor_temp,25.6,2024-05-27 05:50:37
TEY8OO5iafAV96gRKcZohbO6ED,V8,sensor_temp,25.3,2024-05-27 05:45:37
TEY8OO5iafAV96gRKcZohbO6ED,V8,sensor_temp,25.1,2024-05-27 05:40:37
TEY8OO5iafAV96gRKcZohbO6ED,V8,sensor_temp,25.0,2024-05-27 05:35:37
TEY8OO5iafAV96gRKcZohbO6ED,V8,sensor_temp,25.6,2024-05-27 05:30:37
TEY8OO5iafAV96gRKcZohbO6ED,V8,sensor_temp,25.0,2024-05-27 05:25:37
TEY8OO5iafAV96gRKcZohbO6ED,V8,sensor_temp,25.6,2024-05-27 05:20:37
TEY8OO5iafAV96gRKcZohbO6ED,V8,sensor_temp,26.4,2024-05-27 05:15:37
TEY8OO5iafAV96gRKcZohbO6ED,V8,sensor_temp,25.5,2024-05-27 05:10:37
TEY8OO5iafAV96gRKcZohbO6ED,V8,sensor_temp,26.8,2024-05-27 05:05:37
TEY8OO5iafAV96gRKcZohbO6ED,V8,sensor_temp,26.8,2024-05-27 05:00:37
TEY8OO5iafAV96gRKcZohbO6ED,V8,sensor_temp,26.9,2024-05-27 04:55:37
TEY8OO5iafAV96gRKcZohbO6ED,V8,sensor_temp,25.6,2024-05-27 04:50:37
TEY8OO5iafAV96gRKcZohbO6ED,V8,sensor_temp,25.3,2024-05-27 04:45:37
TEY8OO5iafAV96gRKcZohbO6ED,V8,sensor_temp,25.4,2024-05-27 04:40:37
TEY8OO5iafAV96gRKcZohbO6ED,V8,sensor_temp,26.6,2024-05-27 04:35:37
TEY8OO5iafAV96gRKcZohbO6ED,V8,sensor_temp,25.8,2024-05-27 04:30:37
TEY8OO5iafAV96gRKcZohbO6ED,V8,sensor_temp,26.1,2024-05-27 04:25:37
TEY8OO5iafAV96gRKcZohbO6ED,V8,sensor_temp,26.8,2024-05-27 04:20:37
TEY8OO5iafAV96gRKcZohbO6ED,V8,sensor_temp,25.0,2024-05-27 04:15:37
TEY8OO5iafAV96gRKcZohbO6ED,V8,sensor_temp,25.3,2024-05-27 04:10:37
TEY8OO5iafAV96gRKcZohbO6ED,V8,sensor_temp,26.9,2024-05-27 04:05:37
TEY8OO5iafAV96gRKcZohbO6ED,V8,sensor_temp,26.6,2024-05-27 04:00:37
TEY8OO5iafAV96gRKcZohbO6ED,V8,sensor_temp,26.5,2024-05-27 03:55:37
TEY8OO5iafAV96gRKcZohbO6ED,V8,sensor_temp,25.9,2024-05-27 03:50:37
TEY8OO5iafAV96gRKcZohbO6ED,V8,sensor_temp,26.3,2024-05-27 03:45:37
TEY8OO5iafAV96gRKcZohbO6ED,V8,sensor_temp,25.9,2024-05-27 03:40:37
TEY8OO5iafAV96gRKcZohbO6ED,V8,sensor_temp,26.8,2024-05-27 03:35:37
TEY8OO5iafAV96gRKcZohbO6ED,V8,sensor_temp,26.4,2024-05-27 03:30:37
TEY8OO5iafAV96gRKcZohbO6ED,V8,sensor_temp,26.4,2024-05-27 03:25:37
TEY8OO5iafAV96gRKcZohbO6ED,V8,sensor_temp,26.2,2024-05-27 03:20:37
TEY8OO5iafAV96gRKcZohbO6ED,V8,sensor_temp,25.2,2024-05-27 03:15:37
TEY8OO5iafAV96gRKcZohbO6ED,V8,sensor_temp,25.3,2024-05-27 03:10:37
TEY8OO5iafAV96gRKcZohbO6ED,V8,sensor_temp,25.5,2024-05-27 03:05:37
TEY8OO5iafAV96gRKcZohbO6ED,V8,sensor_temp,25.7,2024-05-27 03:00:37
TEY8OO5iafAV96gRKcZohbO6ED,V8,sensor_temp,26.9,2024-05-27 02:55:37
TEY8OO5iafAV96gRKcZohbO6ED,V8,sensor_temp,26.5,2024-05-27 02:50:37
TEY8OO5iafAV96gRKcZohbO6ED,V8,sensor_temp,26.3,2024-05-27 02:45:37
TEY8OO5iafAV96gRKcZohbO6ED,V8,sensor_temp,26.6,2024-05-27 02:40:37
TEY8OO5iafAV96gRKcZohbO6ED,V8,sensor_temp,26.5,2024-05-27 02:35:37
TEY8OO5iafAV96gRKcZohbO6ED,V8,sensor_temp,25.5,2024-05-27 02:30:37
TEY8OO5iafAV96gRKcZohbO6ED,V8,sensor_temp,25.4,2024-05-27 02:25:37
TEY8OO5iafAV96gRKcZohbO6ED,V8,sensor_temp,26.8,2024-05-27 02:20:37
TEY8OO5iafAV96gRKcZohbO6ED,V8,sensor_temp,25.3,2024-05-27 02:15:37
TEY8OO5iafAV96gRKcZohbO6ED,V8,sensor_temp,26.6,2024-05-27 02:10:37
TEY8OO5iafAV96gRKcZohbO6ED,V8,sensor_temp,26.0,2024-05-27 02:05:37
TEY8OO5iafAV96gRKcZohbO6ED,V8,sensor_temp,25.6,2024-05-27 02:00:37
TEY8OO5iafAV96gRKcZohbO6ED,V8,sensor_temp,25.4,2024-05-27 01:55:37
TEY8OO5iafAV96gRKcZohbO6ED,V8,sensor_temp,26.1,2024-05-27 01:50:37
TEY8OO5iafAV96gRKcZohbO6ED,V8,sensor_temp,25.2,2024-05-27 01:45:37
TEY8OO5iafAV96gRKcZohbO6ED,V8,sensor_temp,26.9,2024-05-27 01:40:37
TEY8OO5iafAV96gRKcZohbO6ED,V8,sensor_temp,25.2,2024-05-27 01:35:37
TEY8OO5iafAV96gRKcZohbO6ED,V8,sensor_temp,25.7,2024-05-27 01:30:37
TEY8OO5iafAV96gRKcZohbO6ED,V8,sensor_temp,26.1,2024-05-27 01:25:37
TEY8OO5iafAV96gRKcZohbO6ED,V8,sensor_temp,27.0,2024-05-27 01:20:37
TEY8OO5iafAV96gRKcZohbO6ED,V8,sensor_temp,25.3,2024-05-27 01:15:37
TEY8OO5iafAV96gRKcZohbO6ED,V8,sensor_temp,26.1,2024-05-27 01:10:37
TEY8OO5iafAV96gRKcZohbO6ED,V8,sensor_temp,26.8,2024-05-27 01:05:37
TEY8OO5iafAV96gRKcZohbO6ED,V8,sensor_temp,26.1,2024-05-27 01:00:37
TEY8OO5iafAV96gRKcZohbO6ED,V8,sensor_temp,25.4,2024-05-27 00:55:37
TEY8OO5iafAV96gRKcZohbO6ED,V8,sensor_temp,26.7,2024-05-27 00:50:37
TEY8OO5iafAV96gRKcZohbO6ED,V8,sensor_temp,25.1,2024-05-27 00:45:37
TEY8OO5iafAV96gRKcZohbO6ED,V8,sensor_temp,26.5,2024-05-27 00:40:37
TEY8OO5iafAV96gRKcZohbO6ED,V8,sensor_temp,26.7,2024-05-27 00:35:37
TEY8OO5iafAV96gRKcZohbO6ED,V8,sensor_temp,26.2,2024-05-27 00:30:37
TEY8OO5iafAV96gRKcZohbO6ED,V8,sensor_temp,25.3,2024-05-27 00:25:37
TEY8OO5iafAV96gRKcZohbO6ED,V8,sensor_temp,25.3,2024-05-27 00:20:37
TEY8OO5iafAV96gRKcZohbO6ED,V8,sensor_temp,25.3,2024-05-27 00:15:37
TEY8OO5iafAV96gRKcZohbO6ED,V8,sensor_temp,25.7,2024-05-27 00:10:37
TEY8OO5iafAV96gRKcZohbO6ED,V8,sensor_temp,25.9,2024-05-27 00:05:37
TEY8OO5iafAV96gRKcZohbO6ED,V8,sensor_temp,26.8,2024-05-27 00:00:37
TEY8OO5iafAV96gRKcZohbO6ED,V8,sensor_temp,25.1,2024-05-26 23:55:37
TEY8OO5iafAV96gRKcZohbO6ED,V8,sensor_temp,26.4,2024-05-26 23:50:37
TEY8OO5iafAV96gRKcZohbO6ED,V8,sensor_temp,26.0,2024-05-26 23:45:37
TEY8OO5iafAV96gRKcZohbO6ED,V8,sensor_temp,26.6,2024-05-26 23:40:37
TEY8OO5iafAV96gRKcZohbO6ED,V8,sensor_temp,26.7,2024-05-26 23:35:37
TEY8OO5iafAV96gRKcZohbO6ED,V8,sensor_temp,25.5,2024-05-26 23:30:37
TEY8OO5iafAV96gRKcZohbO6ED,V8,sensor_temp,25.6,2024-05-26 23:25:37
TEY8OO5iafAV96gRKcZohbO6ED,V8,sensor_temp,25.0,2024-05-26 23:20:37
TEY8OO5iafAV96gRKcZohbO6ED,V8,sensor_temp,25.4,2024-05-26 23:15:37
TEY8OO5iafAV96gRKcZohbO6ED,V8,sensor_temp,25.9,2024-05-26 23:10:37
TEY8OO5iafAV96gRKcZohbO6ED,V8,sensor_temp,26.0,2024-05-26 23:05:37
TEY8OO5iafAV96gRKcZohbO6ED,V8,sensor_temp,26.9,2024-05-26 23:00:37
TEY8OO5iafAV96gRKcZohbO6ED,V8,sensor_temp,25.5,2024-05-26 22:55:37
TEY8OO5iafAV96gRKcZohbO6ED,V8,sensor_temp,26.6,2024-05-26 22:50:37
TEY8OO5iafAV96gRKcZohbO6ED,V8,sensor_temp,25.1,2024-05-26 22:45:37
TEY8OO5iafAV96gRKcZohbO6ED,V8,sensor_temp,25.9,2024-05-26 22:40:37
TEY8OO5iafAV96gRKcZohbO6ED,V8,sensor_temp,26.4,2024-05-26 22:35:37
TEY8OO5iafAV96gRKcZohbO6ED,V8,sensor_temp,26.8,2024-05-26 22:30:37
TEY8OO5iafAV96gRKcZohbO6ED,V8,sensor_temp,25.5,2024-05-26 22:25:37
TEY8OO5iafAV96gRKcZohbO6ED,V8,sensor_temp,25.7,2024-05-26 22:20:37
TEY8OO5iafAV96gRKcZohbO6ED,V8,sensor_temp,25.6,2024-05-26 22:15:37
TEY8OO5iafAV96gRKcZohbO6ED,V8,sensor_temp,25.9,2024-05-26 22:10:37
TEY8OO5iafAV96gRKcZohbO6ED,V8,sensor_temp,26.2,2024-05-26 22:05:37
TEY8OO5iafAV96gRKcZohbO6ED,V8,sensor_temp,26.9,2024-05-26 22:00:37
TEY8OO5iafAV96gRKcZohbO6ED,V8,sensor_temp,26.4,2024-05-26 21:55:37
TEY8OO5iafAV96gRKcZohbO6ED,V8,sensor_temp,25.7,2024-05-26 21:50:37
TEY8OO5iafAV96gRKcZohbO6ED,V8,sensor_temp,27.0,2024-05-26 21:45:37
TEY8OO5iafAV96gRKcZohbO6ED,V8,sensor_temp,26.3,2024-05-26 21:40:37
TEY8OO5iafAV96gRKcZohbO6ED,V8,sensor_temp,26.9,2024-05-26 21:35:37
TEY8OO5iafAV96gRKcZohbO6ED,V8,sensor_temp,26.6,2024-05-26 21:30:37
TEY8OO5iafAV96gRKcZohbO6ED,V8,sensor_temp,25.3,2024-05-26 21:25:37
TEY8OO5iafAV96gRKcZohbO6ED,V8,sensor_temp,25.4,2024-05-26 21:20:37
TEY8OO5iafAV96gRKcZohbO6ED,V8,sensor_temp,25.6,2024-05-26 21:15:37
TEY8OO5iafAV96gRKcZohbO6ED,V8,sensor_temp,26.0,2024-05-26 21:10:37
TEY8OO5iafAV96gRKcZohbO6ED,V8,sensor_temp,25.4,2024-05-26 21:05:37
TEY8OO5iafAV96gRKcZohbO6ED,V8,sensor_temp,26.5,2024-05-26 21:00:37
TEY8OO5iafAV96gRKcZohbO6ED,V8,sensor_temp,26.7,2024-05-26 20:55:37
TEY8OO5iafAV96gRKcZohbO6ED,V8,sensor_temp,25.8,2024-05-26 20:50:37
TEY8OO5iafAV96gRKcZohbO6ED,V8,sensor_temp,25.6,2024-05-26 20:45:37
TEY8OO5iafAV96gRKcZohbO6ED,V8,sensor_temp,26.8,2024-05-26 20:40:37
TEY8OO5iafAV96gRKcZohbO6ED,V8,sensor_temp,25.4,2024-05-26 20:35:37
TEY8OO5iafAV96gRKcZohbO6ED,V8,sensor_temp,27.0,2024-05-26 20:30:37
TEY8OO5iafAV96gRKcZohbO6ED,V8,sensor_temp,26.5,2024-05-26 20:25:37
TEY8OO5iafAV96gRKcZohbO6ED,V8,sensor_temp,25.4,2024-05-26 20:20:37
TEY8OO5iafAV96gRKcZohbO6ED,V8,sensor_temp,25.5,2024-05-26 20:15:37
TEY8OO5iafAV96gRKcZohbO6ED,V8,sensor_temp,25.5,2024-05-26 20:10:37
TEY8OO5iafAV96gRKcZohbO6ED,V8,sensor_temp,26.5,2024-05-26 20:05:37
TEY8OO5iafAV96gRKcZohbO6ED,V8,sensor_temp,26.8,2024-05-26 20:00:37
TEY8OO5iafAV96gRKcZohbO6ED,V8,sensor_temp,25.9,2024-05-26 19:55:37
TEY8OO5iafAV96gRKcZohbO6ED,V8,sensor_temp,26.7,2024-05-26 19:50:37
TEY8OO5iafAV96gRKcZohbO6ED,V8,sensor_temp,27.0,2024-05-26 19:45:37
TEY8OO5iafAV96gRKcZohbO6ED,V8,sensor_temp,26.3,2024-05-26 19:40:37
TEY8OO5iafAV96gRKcZohbO6ED,V8,sensor_temp,25.5,2024-05-26 19:35:37
TEY8OO5iafAV96gRKcZohbO6ED,V8,sensor_temp,26.1,2024-05-26 19:30:37
TEY8OO5iafAV96gRKcZohbO6ED,V8,sensor_temp,26.7,2024-05-26 19:25:37
TEY8OO5iafAV96gRKcZohbO6ED,V8,sensor_temp,26.9,2024-05-26 19:20:37
TEY8OO5iafAV96gRKcZohbO6ED,V8,sensor_temp,26.7,2024-05-26 19:15:37
TEY8OO5iafAV96gRKcZohbO6ED,V8,sensor_temp,25.2,2024-05-26 19:10:37
TEY8OO5iafAV96gRKcZohbO6ED,V8,sensor_temp,25.4,2024-05-26 19:05:37
TEY8OO5iafAV96gRKcZohbO6ED,V8,sensor_temp,26.1,2024-05-26 19:00:37
TEY8OO5iafAV96gRKcZohbO6ED,V8,sensor_temp,26.6,2024-05-26 18:55:37
TEY8OO5iafAV96gRKcZohbO6ED,V8,sensor_temp,25.9,2024-05-26 18:50:37
TEY8OO5iafAV96gRKcZohbO6ED,V8,sensor_temp,26.7,2024-05-26 18:45:37
TEY8OO5iafAV96gRKcZohbO6ED,V8,sensor_temp,25.2,2024-05-26 18:40:37
TEY8OO5iafAV96gRKcZohbO6ED,V8,sensor_temp,25.6,2024-05-26 18:35:37
TEY8OO5iafAV96gRKcZohbO6ED,V8,sensor_temp,26.5,2024-05-26 18:30:37
TEY8OO5iafAV96gRKcZohbO6ED,V8,sensor_temp,25.3,2024-05-26 18:25:37
TEY8OO5iafAV96gRKcZohbO6ED,V8,sensor_temp,25.4,2024-05-26 18:20:37
TEY8OO5iafAV96gRKcZohbO6ED,V8,sensor_temp,25.7,2024-05-26 18:15:37
TEY8OO5iafAV96gRKcZohbO6ED,V8,sensor_temp,26.4,2024-05-26 18:10:37
TEY8OO5iafAV96gRKcZohbO6ED,V8,sensor_temp,26.2,2024-05-26 18:05:37
TEY8OO5iafAV96gRKcZohbO6ED,V8,sensor_temp,26.3,2024-05-26 18:00:37
TEY8OO5iafAV96gRKcZohbO6ED,V8,sensor_temp,26.1,2024-05-26 17:55:37
TEY8OO5iafAV96gRKcZohbO6ED,V8,sensor_temp,26.4,2024-05-26 17:50:37
TEY8OO5iafAV96gRKcZohbO6ED,V8,sensor_temp,25.4,2024-05-26 17:45:37
TEY8OO5iafAV96gRKcZohbO6ED,V8,sensor_temp,26.8,2024-05-26 17:40:37
